id_antecedente,id_paciente,tipo,codigo,descripcion,fecha_registro,registrado_por,created_at,updated_at,is_deleted,deleted_at,deleted_by
1,1187405367,toxico,,Tabaquismo activo,2026-09-26 16:15:15.898333+00:00,1006713773,2026-09-26 16:15:15.898333+00:00,,False,,
2,1187405367,quirurgico,,Apendicectomía,2026-09-26 16:15:15.898333+00:00,1073827621,2026-09-26 16:15:15.898333+00:00,,False,,
3,1096362792,patologico,E11,Diabetes mellitus tipo 2,2026-09-26 16:15:15.898333+00:00,1073827621,2026-09-26 16:15:15.898333+00:00,,False,,
4,1096362792,alergico,,Alergia a penicilina,2026-09-26 16:15:15.898333+00:00,1059917677,2026-09-26 16:15:15.898333+00:00,,False,,
5,1148187279,alergico,,Alergia a penicilina,2026-09-26 16:15:15.898333+00:00,1006713773,2026-09-26 16:15:15.898333+00:00,,False,,
6,1177506521,patologico,I10,Hipertensión arterial diagnosticada,2026-09-26 16:15:15.898333+00:00,1073827621,2026-09-26 16:15:15.898333+00:00,,False,,
7,1097933892,alergico,,Alergia a penicilina,2026-09-26 16:15:15.898333+00:00,1197694986,2026-09-26 16:15:15.898333+00:00,,False,,
8,1097933892,patologico,E11,Diabetes mellitus tipo 2,2026-09-26 16:15:15.898333+00:00,1006713773,2026-09-26 16:15:15.898333+00:00,,False,,
9,1045939680,alergico,,Alergia a penicilina,2026-09-26 16:15:15.898333+00:00,1059917677,2026-09-26 16:15:15.898333+00:00,,False,,
10,1172564235,patologico,E11,Diabetes mellitus tipo 2,2026-09-26 16:15:15.898333+00:00,1059917677,2026-09-26 16:15:15.898333+00:00,,False,,
11,1172564235,toxico,,Tabaquismo activo,2026-09-26 16:15:15.898333+00:00,1073827621,2026-09-26 16:15:15.898333+00:00,,False,,
12,1041028029,toxico,,Tabaquismo activo,2026-09-26 16:15:15.898333+00:00,1059917677,2026-09-26 16:15:15.898333+00:00,,False,,
13,1067488462,familiar,,Antecedente familiar de enfermedad cardiovascular,2026-09-26 16:15:15.898333+00:00,1073827621,2026-09-26 16:15:15.898333+00:00,,False,,
14,1067488462,toxico,,Tabaquismo activo,2026-09-26 16:15:15.898333+00:00,1006713773,2026-09-26 16:15:15.898333+00:00,,False,,
15,1136279761,patologico,I10,Hipertensión arterial diagnosticada,2026-09-26 16:15:15.898333+00:00,1006713773,2026-09-26 16:15:15.898333+00:00,,False,,
16,1097436907,familiar,,Antecedente familiar de enfermedad cardiovascular,2026-09-26 16:15:15.898333+00:00,1073827621,2026-09-26 16:15:15.898333+00:00,,False,,
17,1022992422,familiar,,Antecedente familiar de enfermedad cardiovascular,2026-09-26 16:15:15.898333+00:00,1006713773,2026-09-26 16:15:15.898333+00:00,,False,,
18,1177100512,quirurgico,,Apendicectomía,2026-09-26 16:15:15.898333+00:00,1059917677,2026-09-26 16:15:15.898333+00:00,,False,,
19,1177100512,patologico,E11,Diabetes mellitus tipo 2,2026-09-26 16:15:15.898333+00:00,1073827621,2026-09-26 16:15:15.898333+00:00,,False,,
20,1195939378,toxico,,Tabaquismo activo,2026-09-26 16:15:15.898333+00:00,1059917677,2026-09-26 16:15:15.898333+00:00,,False,,
21,1032481817,patologico,I10,Hipertensión arterial diagnosticada,2026-09-26 16:15:15.898333+00:00,1197694986,2026-09-26 16:15:15.898333+00:00,,False,,
22,1190009606,patologico,I10,Hipertensión arterial diagnosticada,2026-09-26 16:15:15.898333+00:00,1073827621,2026-09-26 16:15:15.898333+00:00,,False,,
23,1179577354,quirurgico,,Apendicectomía,2026-09-26 16:15:15.898333+00:00,1006713773,2026-09-26 16:15:15.898333+00:00,,False,,
