id_auditoria,tabla_afectada,registro_id,accion,datos_anteriores,datos_nuevos,realizado_por,fecha_hora
1,encuentros,1,CREAR,,"{'estado': 'finalizado', 'id_paciente': 1158509126}",1006713773,2026-09-26 16:16:49.707906+00:00
2,encuentros,2,CREAR,,"{'estado': 'finalizado', 'id_paciente': 1158509126}",1059917677,2026-09-26 16:16:49.707906+00:00
3,encuentros,3,CREAR,,"{'estado': 'finalizado', 'id_paciente': 1158509126}",1059917677,2026-09-26 16:16:49.707906+00:00
4,encuentros,4,CREAR,,"{'estado': 'finalizado', 'id_paciente': 1174452024}",1073827621,2026-09-26 16:16:49.707906+00:00
5,encuentros,5,CREAR,,"{'estado': 'finalizado', 'id_paciente': 1174452024}",1059917677,2026-09-26 16:16:49.707906+00:00
6,encuentros,6,CREAR,,"{'estado': 'finalizado', 'id_paciente': 1187405367}",1073827621,2026-09-26 16:16:49.707906+00:00
7,encuentros,7,CREAR,,"{'estado': 'finalizado', 'id_paciente': 1187405367}",1197694986,2026-09-26 16:16:49.707906+00:00
8,encuentros,8,CREAR,,"{'estado': 'en_triage', 'id_paciente': 1187405367}",1197694986,2026-09-26 16:16:49.707906+00:00
9,encuentros,9,CREAR,,"{'estado': 'finalizado', 'id_paciente': 1096362792}",1073827621,2026-09-26 16:16:49.707906+00:00
10,encuentros,10,CREAR,,"{'estado': 'finalizado', 'id_paciente': 1096362792}",1197694986,2026-09-26 16:16:49.707906+00:00
11,facturas,1,CREAR,,"{'total': 161400.0, 'id_paciente': 1158509126, 'id_encuentro': 1}",1146395715,2026-09-26 16:16:49.707906+00:00
12,facturas,2,CREAR,,"{'total': 89560.0, 'id_paciente': 1158509126, 'id_encuentro': 2}",1146395715,2026-09-26 16:16:49.707906+00:00
13,facturas,3,CREAR,,"{'total': 67450.0, 'id_paciente': 1158509126, 'id_encuentro': 3}",1146395715,2026-09-26 16:16:49.707906+00:00
14,facturas,4,CREAR,,"{'total': 105310.0, 'id_paciente': 1174452024, 'id_encuentro': 5}",1146395715,2026-09-26 16:16:49.707906+00:00
15,facturas,5,CREAR,,"{'total': 125200.0, 'id_paciente': 1187405367, 'id_encuentro': 6}",1146395715,2026-09-26 16:16:49.707906+00:00
16,usuarios,1028860156,CREAR,,"{'email': 'nataliaparedes582@gmail.com', 'estado': True, 'id_rol': 1, 'nombres': 'Natalia', 'telefono': '+57 3052406065', 'username': 'admin.1028860156', 'apellidos': 'Paredes', 'bloqueado': False, 'created_at': '2026-09-27T16:19:45.897490+00:00', 'deleted_at': None, 'deleted_by': None, 'is_deleted': False, 'updated_at': None, 'bloqueado_at': None, 'password_hash': '$argon2id$v=19$m=65536,t=3,p=4$nJB9EQNIzcHs5oT41AlvLQ$FoT608VvDpK9bGl++ukYAhOelV/MkN43o+3tdkzuzLE', 'intentos_fallidos': 0, 'numero_documento_usuario': 1028860156}",1171644825,2026-09-27 16:19:45.897490+00:00
17,examenes,56,CREAR,,"{'estado': 'active', 'nombre': 'Radiografía de tórax', 'categoria': 'imagenologia', 'id_examen': 56, 'resultado': None, 'conclusion': None, 'created_at': '2026-09-27T20:01:23.763607+00:00', 'deleted_at': None, 'deleted_by': None, 'is_deleted': False, 'updated_at': None, 'codigo_loinc': None, 'id_encuentro': 20, 'solicitado_por': 1171644825, 'fecha_resultado': None, 'fecha_solicitud': '2026-09-27T20:01:23.763607+00:00', 'registrado_resultado_por': None}",1171644825,2026-09-27 20:01:23.763607+00:00
18,encuentros,54,CREAR,,"{'estado': 'en_atencion', 'id_paciente': 1200001001, 'motivo_consulta': 'Caída con dolor intenso y deformidad en muñeca derecha'}",1006713773,2026-09-29 02:08:00.935899+00:00
19,examenes,57,CREAR,,"{'estado': 'active', 'nombre': 'Radiografía de muñeca derecha', 'categoria': 'imagenologia', 'id_encuentro': 54}",1006713773,2026-09-29 02:08:00.935899+00:00
20,encuentros,55,CREAR,,"{'estado': 'en_atencion', 'id_paciente': 1200001002, 'motivo_consulta': 'Trauma de tobillo izquierdo con edema e incapacidad para apoyar'}",1073827621,2026-09-29 02:08:00.935899+00:00
21,examenes,58,CREAR,,"{'estado': 'active', 'nombre': 'Radiografía de tobillo izquierdo', 'categoria': 'imagenologia', 'id_encuentro': 55}",1073827621,2026-09-29 02:08:00.935899+00:00
22,encuentros,56,CREAR,,"{'estado': 'en_atencion', 'id_paciente': 1200001003, 'motivo_consulta': 'Golpe directo en tórax con dolor al respirar'}",1059917677,2026-09-29 02:08:00.935899+00:00
23,examenes,59,CREAR,,"{'estado': 'active', 'nombre': 'Radiografía de tórax', 'categoria': 'imagenologia', 'id_encuentro': 56}",1059917677,2026-09-29 02:08:00.935899+00:00
24,encuentros,57,CREAR,,"{'estado': 'en_atencion', 'id_paciente': 1200001004, 'motivo_consulta': 'Dolor y limitación funcional de hombro después de caída'}",1197694986,2026-09-29 02:08:00.935899+00:00
25,examenes,60,CREAR,,"{'estado': 'active', 'nombre': 'Radiografía de hombro derecho', 'categoria': 'imagenologia', 'id_encuentro': 57}",1197694986,2026-09-29 02:08:00.935899+00:00
26,encuentros,58,CREAR,,"{'estado': 'en_atencion', 'id_paciente': 1200001005, 'motivo_consulta': 'Caída sobre rodilla con edema, dolor e imposibilidad para caminar'}",1006713773,2026-09-29 02:08:00.935899+00:00
27,examenes,61,CREAR,,"{'estado': 'active', 'nombre': 'Radiografía de rodilla izquierda', 'categoria': 'imagenologia', 'id_encuentro': 58}",1006713773,2026-09-29 02:08:00.935899+00:00
28,encuentros,59,CREAR,,"{'estado': 'en_atencion', 'id_paciente': 1200001006, 'motivo_consulta': 'Dolor intenso en cadera después de caída, no puede ponerse de pie'}",1073827621,2026-09-29 02:08:00.935899+00:00
29,examenes,62,CREAR,,"{'estado': 'active', 'nombre': 'Radiografía de pelvis y cadera', 'categoria': 'imagenologia', 'id_encuentro': 59}",1073827621,2026-09-29 02:08:00.935899+00:00
30,encuentros,60,CREAR,,"{'estado': 'en_atencion', 'id_paciente': 1200001007, 'motivo_consulta': 'Golpe en mano derecha durante actividad deportiva con dolor en quinto dedo'}",1059917677,2026-09-29 02:08:00.935899+00:00
31,examenes,63,CREAR,,"{'estado': 'active', 'nombre': 'Radiografía de mano derecha', 'categoria': 'imagenologia', 'id_encuentro': 60}",1059917677,2026-09-29 02:08:00.935899+00:00
32,encuentros,61,CREAR,,"{'estado': 'en_atencion', 'id_paciente': 1200001008, 'motivo_consulta': 'Fiebre, tos productiva y dificultad respiratoria'}",1197694986,2026-09-29 02:08:00.935899+00:00
33,examenes,64,CREAR,,"{'estado': 'active', 'nombre': 'Radiografía de tórax', 'categoria': 'imagenologia', 'id_encuentro': 61}",1197694986,2026-09-29 02:08:00.935899+00:00
34,encuentros,62,CREAR,,"{'estado': 'en_atencion', 'id_paciente': 1200001009, 'motivo_consulta': 'Tos persistente, dolor torácico y disnea de esfuerzo'}",1006713773,2026-09-29 02:08:00.935899+00:00
35,examenes,65,CREAR,,"{'estado': 'active', 'nombre': 'Radiografía de tórax', 'categoria': 'imagenologia', 'id_encuentro': 62}",1006713773,2026-09-29 02:08:00.935899+00:00
36,encuentros,63,CREAR,,"{'estado': 'en_atencion', 'id_paciente': 1200001010, 'motivo_consulta': 'Caída desde altura baja con dolor lumbar intenso localizado'}",1073827621,2026-09-29 02:08:00.935899+00:00
37,examenes,66,CREAR,,"{'estado': 'active', 'nombre': 'Radiografía de columna lumbar', 'categoria': 'imagenologia', 'id_encuentro': 63}",1073827621,2026-09-29 02:08:00.935899+00:00
38,encuentros,58,EDITAR,"{'estado': 'en_atencion', 'servicio': 'URGENCIAS', 'creado_por': 1006713773, 'created_at': '2026-09-29T02:08:00.935899+00:00', 'deleted_at': None, 'deleted_by': None, 'is_deleted': False, 'updated_at': None, 'id_paciente': 1200001005, 'dolor_escala': 9, 'id_encuentro': 58, 'nivel_triage': 3, 'fecha_hora_fin': None, 'tipo_encuentro': 'urgencias', 'clasificado_por': 1006713773, 'motivo_consulta': 'Caída sobre rodilla con edema, dolor e imposibilidad para caminar', 'fecha_hora_triage': '2026-09-28T21:16:00+00:00', 'fecha_hora_ingreso': '2026-09-28T21:08:00+00:00', 'medico_responsable': 1006713773, 'observaciones_triage': 'Clasificación clínica inicial realizada por el profesional.', 'observaciones_generales': 'Paciente valorado en urgencias. Se solicita estudio radiográfico según hallazgos clínicos.', 'clasificacion_automatica': False}","{'estado': 'en_atencion', 'servicio': 'URGENCIAS', 'creado_por': 1006713773, 'created_at': '2026-09-29T02:08:00.935899+00:00', 'deleted_at': None, 'deleted_by': None, 'is_deleted': False, 'updated_at': '2026-09-29T02:48:09.108417+00:00', 'id_paciente': 1200001005, 'dolor_escala': 7, 'id_encuentro': 58, 'nivel_triage': 3, 'fecha_hora_fin': None, 'tipo_encuentro': 'urgencias', 'clasificado_por': 1006713773, 'motivo_consulta': 'Caída sobre rodilla con edema, dolor e imposibilidad para caminar', 'fecha_hora_triage': '2026-09-29T02:48:09.108417+00:00', 'fecha_hora_ingreso': '2026-09-28T21:08:00+00:00', 'medico_responsable': 1006713773, 'observaciones_triage': None, 'observaciones_generales': 'Paciente valorado en urgencias. Se solicita estudio radiográfico según hallazgos clínicos.', 'clasificacion_automatica': False}",1006713773,2026-09-29 02:48:09.108417+00:00
39,usuarios,66749669,CREAR,,"{'email': 'yenparedes@hotmail.com', 'estado': True, 'id_rol': 9, 'nombres': 'Yenny', 'telefono': '3155387649', 'username': 'm.interna1.66749669', 'apellidos': 'Paredes', 'bloqueado': False, 'created_at': '2026-10-03T01:10:55.228558+00:00', 'deleted_at': None, 'deleted_by': None, 'is_deleted': False, 'updated_at': None, 'bloqueado_at': None, 'password_hash': '$argon2id$v=19$m=65536,t=3,p=4$7kvv9CZQA3A8QCwPW/6U1A$ZDVLzpBkq42tDGum5fFNYlXGgVVBtR4lwO2lqZmIhmw', 'intentos_fallidos': 0, 'numero_documento_usuario': 66749669}",1171644825,2026-10-03 01:10:55.228558+00:00
40,usuarios,129345873,CREAR,,"{'email': 'oscarrosso@gmail.com', 'estado': True, 'id_rol': 9, 'nombres': 'Oscar', 'telefono': '3128935673', 'username': 'm.ortopedia.129345873', 'apellidos': 'Rosso', 'bloqueado': False, 'created_at': '2026-10-03T01:19:16.759490+00:00', 'deleted_at': None, 'deleted_by': None, 'is_deleted': False, 'updated_at': None, 'bloqueado_at': None, 'password_hash': '$argon2id$v=19$m=65536,t=3,p=4$jGfqG71MSSv0YofySwpZ8g$Y8NkHa/+zMb3Cp4tHEMmhZp7kZfTsHCcThU2cwejTJU', 'intentos_fallidos': 0, 'numero_documento_usuario': 129345873}",1171644825,2026-10-03 01:19:16.759490+00:00
41,remisiones,1,REMITIR,,"{'estado': 'pendiente', 'motivo': 'Rodilla fracturada', 'created_at': '2026-10-03T01:21:42.081843+00:00', 'deleted_at': None, 'deleted_by': None, 'is_deleted': False, 'updated_at': None, 'id_paciente': 1200001005, 'id_remision': 1, 'id_encuentro': 58, 'fecha_remision': '2026-10-03T01:21:42.081843+00:00', 'fecha_respuesta': None, 'id_especialidad': 7, 'medico_remitente': 1006713773, 'especialista_destino': 129345873, 'observacion_respuesta': None}",1006713773,2026-10-03 01:21:42.081843+00:00
42,remisiones,1,ACEPTAR_REMISION,"{'estado': 'pendiente', 'motivo': 'Rodilla fracturada', 'created_at': '2026-10-03T01:21:42.081843+00:00', 'deleted_at': None, 'deleted_by': None, 'is_deleted': False, 'updated_at': None, 'id_paciente': 1200001005, 'id_remision': 1, 'especialidad': 'Traumatología y Ortopedia', 'id_encuentro': 58, 'fecha_remision': '2026-10-03T01:21:42.081843+00:00', 'medico_nombres': 'Esperanza', 'fecha_respuesta': None, 'id_especialidad': 7, 'medico_apellidos': 'Torres', 'medico_remitente': 1006713773, 'paciente_nombres': 'Daniel', 'paciente_apellidos': 'Valencia Cortés', 'especialista_destino': 129345873, 'especialista_nombres': 'Oscar', 'observacion_respuesta': None, 'especialista_apellidos': 'Rosso'}","{'estado': 'aceptada', 'motivo': 'Rodilla fracturada', 'created_at': '2026-10-03T01:21:42.081843+00:00', 'deleted_at': None, 'deleted_by': None, 'is_deleted': False, 'updated_at': '2026-10-03T01:24:13.089220+00:00', 'id_paciente': 1200001005, 'id_remision': 1, 'id_encuentro': 58, 'fecha_remision': '2026-10-03T01:21:42.081843+00:00', 'fecha_respuesta': '2026-10-03T01:24:13.089220+00:00', 'id_especialidad': 7, 'medico_remitente': 1006713773, 'especialista_destino': 129345873, 'observacion_respuesta': 'Remisión aceptada para valoración especializada'}",129345873,2026-10-03 01:24:13.089220+00:00
