id_auth_log,numero_documento_usuario,username_intentado,evento,exitoso,detalle,fecha_hora
1,1006713773,medico1.1006713773,LOGIN_OK,True,Inicio de sesión exitoso,2026-09-27 15:13:24.793244+00:00
2,1006713773,medico1.1006713773,LOGIN_FALLIDO,False,Intento fallido 1 de 3,2026-09-27 15:29:19.744413+00:00
3,1006713773,medico1.1006713773,LOGIN_FALLIDO,False,Intento fallido 2 de 3,2026-09-27 15:30:37.770415+00:00
4,1006713773,medico1.1006713773,LOGIN_FALLIDO,False,Intento fallido 3 de 3,2026-09-27 15:30:42.512650+00:00
5,1006713773,medico1.1006713773,USUARIO_BLOQUEADO,False,Cuenta bloqueada tras 3 intentos fallidos,2026-09-27 15:30:42.512650+00:00
6,1006713773,medico1.1006713773,LOGIN_FALLIDO,False,Intento de acceso a una cuenta bloqueada,2026-09-27 15:30:49.958273+00:00
7,1006713773,medico1.1006713773,LOGIN_FALLIDO,False,Intento de acceso a una cuenta bloqueada,2026-09-27 15:30:59.991599+00:00
8,1171644825,admin.1171644825,LOGIN_OK,True,Inicio de sesión exitoso,2026-09-27 15:32:44.232795+00:00
9,1006713773,medico1.1006713773,USUARIO_DESBLOQUEADO,True,Desbloqueado por Admin 1171644825,2026-09-27 15:33:23.510628+00:00
10,1006713773,medico1.1006713773,LOGIN_OK,True,Inicio de sesión exitoso,2026-09-27 15:34:30.465409+00:00
11,,admin.11716448253,LOGIN_FALLIDO,False,Credenciales incorrectas,2026-09-27 15:46:57.179600+00:00
12,1171644825,admin.1171644825,LOGIN_OK,True,Inicio de sesión exitoso,2026-09-27 15:47:40.554559+00:00
13,1171644825,admin.1171644825,LOGIN_OK,True,Inicio de sesión exitoso,2026-09-27 16:20:33.301377+00:00
14,1171644825,admin.1171644825,LOGIN_FALLIDO,False,Intento fallido 1 de 3,2026-09-27 16:20:39.039066+00:00
15,1171644825,admin.1171644825,LOGIN_FALLIDO,False,Intento fallido 2 de 3,2026-09-27 16:20:43.023359+00:00
16,1171644825,admin.1171644825,LOGIN_FALLIDO,False,Intento fallido 3 de 3,2026-09-27 16:20:45.616741+00:00
17,1171644825,admin.1171644825,USUARIO_BLOQUEADO,False,Cuenta bloqueada tras 3 intentos fallidos,2026-09-27 16:20:45.616741+00:00
18,1171644825,admin.1171644825,LOGIN_FALLIDO,False,Intento de acceso a una cuenta bloqueada,2026-09-27 16:20:53.753694+00:00
19,1171644825,admin.1171644825,LOGIN_FALLIDO,False,Intento de acceso a una cuenta bloqueada,2026-09-27 16:21:54.921680+00:00
20,1171644825,admin.1171644825,LOGIN_OK,True,Inicio de sesión exitoso,2026-09-27 17:40:53.729755+00:00
21,1171644825,admin.1171644825,LOGIN_OK,True,Inicio de sesión exitoso,2026-09-27 17:48:25.403477+00:00
22,1171644825,admin.1171644825,LOGIN_OK,True,Inicio de sesión exitoso,2026-09-27 19:14:00.528089+00:00
23,1171644825,admin.1171644825,LOGIN_OK,True,Inicio de sesión exitoso,2026-09-27 19:33:30.646013+00:00
24,1171644825,admin.1171644825,LOGIN_OK,True,Inicio de sesión exitoso,2026-09-27 19:38:23.119087+00:00
25,1171644825,admin.1171644825,LOGIN_OK,True,Inicio de sesión exitoso,2026-09-27 19:55:21.544378+00:00
26,1171644825,admin.1171644825,LOGIN_OK,True,Inicio de sesión exitoso,2026-09-27 19:59:08.763576+00:00
27,1171644825,admin.1171644825,LOGIN_OK,True,Inicio de sesión exitoso,2026-09-27 20:28:45.806440+00:00
28,1059917677,medico3.1059917677,LOGIN_OK,True,Inicio de sesión exitoso,2026-09-27 21:17:33.047511+00:00
29,1059917677,medico3.1059917677,LOGIN_OK,True,Inicio de sesión exitoso,2026-09-27 22:46:19.127254+00:00
30,1059917677,medico3.1059917677,LOGIN_FALLIDO,False,Intento fallido 1 de 3,2026-09-27 23:02:02.582892+00:00
31,1059917677,medico3.1059917677,LOGIN_OK,True,Inicio de sesión exitoso,2026-09-27 23:04:08.063299+00:00
32,1171644825,admin.1171644825,LOGIN_OK,True,Inicio de sesión exitoso,2026-09-27 23:47:20.058820+00:00
33,1171644825,admin.1171644825,LOGIN_OK,True,Inicio de sesión exitoso,2026-09-28 00:11:15.406009+00:00
34,1059917677,medico3.1059917677,LOGIN_OK,True,Inicio de sesión exitoso,2026-09-28 00:15:19.864366+00:00
35,1181650134,administrativo1.1181650134,LOGIN_OK,True,Inicio de sesión exitoso,2026-09-28 00:36:37.003519+00:00
36,1158509126,paciente.1158509126,LOGIN_OK,True,Inicio de sesión exitoso,2026-09-28 00:53:59.776258+00:00
37,1181650134,administrativo1.1181650134,LOGIN_OK,True,Inicio de sesión exitoso,2026-09-28 01:08:44.803644+00:00
38,1171644825,admin.1171644825,LOGIN_OK,True,Inicio de sesión exitoso,2026-09-28 01:10:20.952188+00:00
39,1156640927,paciente.1156640927,USUARIO_DESBLOQUEADO,True,Desbloqueado por Admin 1171644825,2026-09-28 01:10:53.827252+00:00
40,1059917677,medico3.1059917677,LOGIN_OK,True,Inicio de sesión exitoso,2026-09-28 01:45:56.795687+00:00
41,1006713773,medico1.1006713773,LOGIN_OK,True,Inicio de sesión exitoso,2026-09-29 02:21:06.384407+00:00
42,1006713773,medico1.1006713773,LOGIN_OK,True,Inicio de sesión exitoso,2026-09-29 13:35:28.052378+00:00
43,1006713773,medico1.1006713773,LOGIN_FALLIDO,False,Intento fallido 1 de 3,2026-09-29 14:35:20.637217+00:00
44,1006713773,medico1.1006713773,LOGIN_OK,True,Inicio de sesión exitoso,2026-09-29 14:35:48.132143+00:00
45,1006713773,medico1.1006713773,LOGIN_FALLIDO,False,Intento fallido 1 de 3,2026-09-29 14:44:31.426884+00:00
46,1006713773,medico1.1006713773,LOGIN_FALLIDO,False,Intento fallido 2 de 3,2026-09-29 14:44:34.574183+00:00
47,1006713773,medico1.1006713773,LOGIN_FALLIDO,False,Intento fallido 3 de 3,2026-09-29 14:44:37.130361+00:00
48,1006713773,medico1.1006713773,USUARIO_BLOQUEADO,False,Cuenta bloqueada tras 3 intentos fallidos,2026-09-29 14:44:37.130361+00:00
49,1006713773,medico1.1006713773,LOGIN_FALLIDO,False,Intento de acceso a una cuenta bloqueada,2026-09-29 14:44:44.557628+00:00
50,1171644825,admin.1171644825,LOGIN_OK,True,Inicio de sesión exitoso,2026-09-29 14:44:48.986202+00:00
51,1006713773,medico1.1006713773,USUARIO_DESBLOQUEADO,True,Desbloqueado por Admin 1171644825,2026-09-29 14:45:13.197978+00:00
52,1006713773,medico1.1006713773,LOGIN_OK,True,Inicio de sesión exitoso,2026-09-29 14:45:24.960637+00:00
53,1006713773,medico1.1006713773,LOGIN_OK,True,Inicio de sesión exitoso,2026-09-29 19:24:39.702660+00:00
54,1006713773,medico1.1006713773,LOGIN_OK,True,Inicio de sesión exitoso,2026-10-02 22:12:05.038218+00:00
55,1006713773,medico1.1006713773,LOGIN_OK,True,Inicio de sesión exitoso,2026-10-03 00:51:35.523633+00:00
56,1171644825,admin.1171644825,LOGIN_OK,True,Inicio de sesión exitoso,2026-10-03 00:58:32.990441+00:00
57,1006713773,medico1.1006713773,LOGIN_OK,True,Inicio de sesión exitoso,2026-10-03 01:21:13.807860+00:00
58,129345873,m.ortopedia.129345873,LOGIN_OK,True,Inicio de sesión exitoso,2026-10-03 01:24:02.598459+00:00
59,1006713773,medico1.1006713773,LOGIN_OK,True,Inicio de sesión exitoso,2026-10-03 01:24:57.917872+00:00
60,1181650134,administrativo1.1181650134,LOGIN_OK,True,Inicio de sesión exitoso,2026-10-03 01:46:54.099502+00:00
61,1181650134,administrativo1.1181650134,LOGIN_OK,True,Inicio de sesión exitoso,2026-10-03 01:56:36.456672+00:00
