id_diagnostico,id_encuentro,codigo_cie10,descripcion,tipo,estado_clinico,fecha_diagnostico,registrado_por,created_at,updated_at,is_deleted,deleted_at,deleted_by
1,1,M54,Dorsalgia,principal,resolved,2026-02-13 08:18:00+00:00,1006713773,2026-09-26 16:15:58.595205+00:00,,False,,
2,1,J45,Asma,secundario,active,2026-02-13 07:48:00+00:00,1006713773,2026-09-26 16:15:58.595205+00:00,,False,,
3,2,R51,Cefalea,principal,inactive,2026-04-09 11:56:00+00:00,1059917677,2026-09-26 16:15:58.595205+00:00,,False,,
4,2,R10,Dolor abdominal y pélvico,secundario,active,2026-04-09 12:41:00+00:00,1059917677,2026-09-26 16:15:58.595205+00:00,,False,,
5,3,I10,Hipertensión esencial,principal,resolved,2026-08-08 13:00:00+00:00,1059917677,2026-09-26 16:15:58.595205+00:00,,False,,
6,4,J45,Asma,principal,inactive,2026-01-05 00:58:00+00:00,1073827621,2026-09-26 16:15:58.595205+00:00,,False,,
7,4,R51,Cefalea,secundario,active,2026-01-05 01:50:00+00:00,1073827621,2026-09-26 16:15:58.595205+00:00,,False,,
8,5,M54,Dorsalgia,principal,inactive,2026-06-24 15:57:00+00:00,1059917677,2026-09-26 16:15:58.595205+00:00,,False,,
9,5,E11,Diabetes mellitus tipo 2,secundario,active,2026-06-24 17:19:00+00:00,1059917677,2026-09-26 16:15:58.595205+00:00,,False,,
10,6,E11,Diabetes mellitus tipo 2,principal,inactive,2026-02-24 15:06:00+00:00,1073827621,2026-09-26 16:15:58.595205+00:00,,False,,
11,6,J00,Rinofaringitis aguda (resfriado común),secundario,active,2026-02-24 15:23:00+00:00,1073827621,2026-09-26 16:15:58.595205+00:00,,False,,
12,7,R51,Cefalea,principal,resolved,2026-05-22 19:14:00+00:00,1197694986,2026-09-26 16:15:58.595205+00:00,,False,,
13,8,A09,Diarrea y gastroenteritis de presunto origen infeccioso,principal,active,2026-06-20 16:33:00+00:00,1197694986,2026-09-26 16:15:58.595205+00:00,,False,,
14,8,R51,Cefalea,secundario,active,2026-06-20 17:03:00+00:00,1197694986,2026-09-26 16:15:58.595205+00:00,,False,,
15,9,R51,Cefalea,principal,resolved,2026-03-22 08:44:00+00:00,1073827621,2026-09-26 16:15:58.595205+00:00,,False,,
16,9,E11,Diabetes mellitus tipo 2,secundario,active,2026-03-22 09:17:00+00:00,1073827621,2026-09-26 16:15:58.595205+00:00,,False,,
17,10,I10,Hipertensión esencial,principal,resolved,2026-04-17 22:03:00+00:00,1197694986,2026-09-26 16:15:58.595205+00:00,,False,,
18,10,S72,Fractura del fémur,secundario,active,2026-04-17 22:24:00+00:00,1197694986,2026-09-26 16:15:58.595205+00:00,,False,,
19,11,M54,Dorsalgia,principal,active,2026-09-23 02:40:00+00:00,1073827621,2026-09-26 16:15:58.595205+00:00,,False,,
20,12,M54,Dorsalgia,principal,inactive,2026-07-08 11:38:00+00:00,1006713773,2026-09-26 16:15:58.595205+00:00,,False,,
21,12,I10,Hipertensión esencial,secundario,active,2026-07-08 12:15:00+00:00,1006713773,2026-09-26 16:15:58.595205+00:00,,False,,
22,13,R10,Dolor abdominal y pélvico,principal,inactive,2026-08-21 05:34:00+00:00,1073827621,2026-09-26 16:15:58.595205+00:00,,False,,
23,14,S72,Fractura del fémur,principal,inactive,2026-09-19 01:23:00+00:00,1197694986,2026-09-26 16:15:58.595205+00:00,,False,,
24,15,M54,Dorsalgia,principal,resolved,2026-04-09 16:04:00+00:00,1197694986,2026-09-26 16:15:58.595205+00:00,,False,,
25,16,S72,Fractura del fémur,principal,resolved,2026-08-04 03:48:00+00:00,1197694986,2026-09-26 16:15:58.595205+00:00,,False,,
26,16,M54,Dorsalgia,secundario,active,2026-08-04 04:15:00+00:00,1197694986,2026-09-26 16:15:58.595205+00:00,,False,,
27,17,A09,Diarrea y gastroenteritis de presunto origen infeccioso,principal,active,2026-07-14 01:02:00+00:00,1059917677,2026-09-26 16:15:58.595205+00:00,,False,,
28,18,E11,Diabetes mellitus tipo 2,principal,inactive,2026-04-16 12:54:00+00:00,1197694986,2026-09-26 16:15:58.595205+00:00,,False,,
29,18,R10,Dolor abdominal y pélvico,secundario,active,2026-04-16 13:19:00+00:00,1197694986,2026-09-26 16:15:58.595205+00:00,,False,,
30,19,J00,Rinofaringitis aguda (resfriado común),principal,resolved,2026-07-16 06:18:00+00:00,1006713773,2026-09-26 16:15:58.595205+00:00,,False,,
31,20,J45,Asma,principal,active,2026-09-27 01:41:00+00:00,1059917677,2026-09-26 16:15:58.595205+00:00,,False,,
32,21,A09,Diarrea y gastroenteritis de presunto origen infeccioso,principal,inactive,2026-06-25 17:51:00+00:00,1073827621,2026-09-26 16:15:58.595205+00:00,,False,,
33,22,M54,Dorsalgia,principal,resolved,2026-07-09 08:27:00+00:00,1073827621,2026-09-26 16:15:58.595205+00:00,,False,,
34,22,I10,Hipertensión esencial,secundario,active,2026-07-09 08:50:00+00:00,1073827621,2026-09-26 16:15:58.595205+00:00,,False,,
35,23,A09,Diarrea y gastroenteritis de presunto origen infeccioso,principal,inactive,2026-03-17 03:13:00+00:00,1073827621,2026-09-26 16:15:58.595205+00:00,,False,,
36,24,J45,Asma,principal,inactive,2026-05-04 23:49:00+00:00,1073827621,2026-09-26 16:15:58.595205+00:00,,False,,
37,24,J00,Rinofaringitis aguda (resfriado común),secundario,active,2026-05-05 00:22:00+00:00,1073827621,2026-09-26 16:15:58.595205+00:00,,False,,
38,25,A09,Diarrea y gastroenteritis de presunto origen infeccioso,principal,resolved,2026-02-27 01:11:00+00:00,1006713773,2026-09-26 16:15:58.595205+00:00,,False,,
39,26,I10,Hipertensión esencial,principal,inactive,2026-04-05 05:12:00+00:00,1197694986,2026-09-26 16:15:58.595205+00:00,,False,,
40,27,R51,Cefalea,principal,inactive,2026-05-29 03:13:00+00:00,1197694986,2026-09-26 16:15:58.595205+00:00,,False,,
41,28,A09,Diarrea y gastroenteritis de presunto origen infeccioso,principal,resolved,2026-02-09 20:00:00+00:00,1073827621,2026-09-26 16:15:58.595205+00:00,,False,,
42,29,R51,Cefalea,principal,inactive,2026-05-11 13:56:00+00:00,1059917677,2026-09-26 16:15:58.595205+00:00,,False,,
43,29,A09,Diarrea y gastroenteritis de presunto origen infeccioso,secundario,active,2026-05-11 14:16:00+00:00,1059917677,2026-09-26 16:15:58.595205+00:00,,False,,
44,30,R10,Dolor abdominal y pélvico,principal,resolved,2026-08-20 01:33:00+00:00,1073827621,2026-09-26 16:15:58.595205+00:00,,False,,
45,31,A09,Diarrea y gastroenteritis de presunto origen infeccioso,principal,resolved,2026-04-11 03:39:00+00:00,1197694986,2026-09-26 16:15:58.595205+00:00,,False,,
46,32,R51,Cefalea,principal,resolved,2026-05-08 19:11:00+00:00,1059917677,2026-09-26 16:15:58.595205+00:00,,False,,
47,33,E11,Diabetes mellitus tipo 2,principal,active,2026-08-15 05:57:00+00:00,1073827621,2026-09-26 16:15:58.595205+00:00,,False,,
48,34,E11,Diabetes mellitus tipo 2,principal,resolved,2026-04-10 13:08:00+00:00,1059917677,2026-09-26 16:15:58.595205+00:00,,False,,
49,34,A09,Diarrea y gastroenteritis de presunto origen infeccioso,secundario,active,2026-04-10 13:28:00+00:00,1059917677,2026-09-26 16:15:58.595205+00:00,,False,,
50,35,R10,Dolor abdominal y pélvico,principal,resolved,2026-09-20 15:14:00+00:00,1006713773,2026-09-26 16:15:58.595205+00:00,,False,,
51,35,I10,Hipertensión esencial,secundario,active,2026-09-20 15:08:00+00:00,1006713773,2026-09-26 16:15:58.595205+00:00,,False,,
52,36,J45,Asma,principal,inactive,2026-03-02 14:54:00+00:00,1197694986,2026-09-26 16:15:58.595205+00:00,,False,,
53,37,R51,Cefalea,principal,inactive,2026-08-16 20:34:00+00:00,1006713773,2026-09-26 16:15:58.595205+00:00,,False,,
54,38,J00,Rinofaringitis aguda (resfriado común),principal,inactive,2026-04-25 22:49:00+00:00,1006713773,2026-09-26 16:15:58.595205+00:00,,False,,
55,39,M54,Dorsalgia,principal,inactive,2026-07-21 01:29:00+00:00,1073827621,2026-09-26 16:15:58.595205+00:00,,False,,
56,40,R10,Dolor abdominal y pélvico,principal,active,2026-08-15 15:55:00+00:00,1059917677,2026-09-26 16:15:58.595205+00:00,,False,,
57,41,J45,Asma,principal,inactive,2026-04-10 02:57:00+00:00,1006713773,2026-09-26 16:15:58.595205+00:00,,False,,
58,42,J00,Rinofaringitis aguda (resfriado común),principal,resolved,2026-05-23 19:56:00+00:00,1073827621,2026-09-26 16:15:58.595205+00:00,,False,,
59,43,I10,Hipertensión esencial,principal,inactive,2026-05-23 18:16:00+00:00,1006713773,2026-09-26 16:15:58.595205+00:00,,False,,
60,44,J00,Rinofaringitis aguda (resfriado común),principal,resolved,2026-08-04 20:37:00+00:00,1059917677,2026-09-26 16:15:58.595205+00:00,,False,,
61,45,R10,Dolor abdominal y pélvico,principal,resolved,2026-08-18 02:39:00+00:00,1006713773,2026-09-26 16:15:58.595205+00:00,,False,,
62,46,S72,Fractura del fémur,principal,resolved,2026-03-11 19:53:00+00:00,1006713773,2026-09-26 16:15:58.595205+00:00,,False,,
63,47,S72,Fractura del fémur,principal,active,2026-06-12 03:00:00+00:00,1006713773,2026-09-26 16:15:58.595205+00:00,,False,,
64,48,R51,Cefalea,principal,resolved,2026-06-20 21:38:00+00:00,1073827621,2026-09-26 16:15:58.595205+00:00,,False,,
65,49,M54,Dorsalgia,principal,resolved,2026-07-02 12:23:00+00:00,1073827621,2026-09-26 16:15:58.595205+00:00,,False,,
66,50,E11,Diabetes mellitus tipo 2,principal,resolved,2026-09-14 07:47:00+00:00,1197694986,2026-09-26 16:15:58.595205+00:00,,False,,
67,51,R51,Cefalea,principal,inactive,2026-04-15 23:24:00+00:00,1197694986,2026-09-26 16:15:58.595205+00:00,,False,,
68,51,E11,Diabetes mellitus tipo 2,secundario,active,2026-04-15 22:54:00+00:00,1197694986,2026-09-26 16:15:58.595205+00:00,,False,,
69,52,R51,Cefalea,principal,resolved,2026-05-14 21:45:00+00:00,1197694986,2026-09-26 16:15:58.595205+00:00,,False,,
70,53,J45,Asma,principal,inactive,2026-07-08 01:35:00+00:00,1197694986,2026-09-26 16:15:58.595205+00:00,,False,,
71,54,S69.9,"Traumatismo de muñeca y mano, con sospecha de fractura",principal,active,2026-09-29 01:36:00+00:00,1006713773,2026-09-29 02:08:00.935899+00:00,,False,,
72,55,S99.9,"Traumatismo de tobillo y pie, con sospecha de lesión ósea",principal,active,2026-09-29 00:36:00+00:00,1073827621,2026-09-29 02:08:00.935899+00:00,,False,,
73,56,S29.9,"Traumatismo de tórax, con sospecha de lesión costal",principal,active,2026-09-28 23:36:00+00:00,1059917677,2026-09-29 02:08:00.935899+00:00,,False,,
74,57,S49.9,"Traumatismo de hombro y brazo, con sospecha de luxación o fractura",principal,active,2026-09-28 22:36:00+00:00,1197694986,2026-09-29 02:08:00.935899+00:00,,False,,
75,58,S89.9,"Traumatismo de pierna y rodilla, con sospecha de fractura",principal,active,2026-09-28 21:36:00+00:00,1006713773,2026-09-29 02:08:00.935899+00:00,,False,,
76,59,S79.9,"Traumatismo de cadera y muslo, con sospecha de fractura proximal de fémur",principal,active,2026-09-28 20:36:00+00:00,1073827621,2026-09-29 02:08:00.935899+00:00,,False,,
77,60,S69.9,"Traumatismo de mano y dedo, con sospecha de fractura",principal,active,2026-09-28 19:36:00+00:00,1059917677,2026-09-29 02:08:00.935899+00:00,,False,,
78,61,J18.9,"Neumonía, organismo no especificado",principal,active,2026-09-28 18:36:00+00:00,1197694986,2026-09-29 02:08:00.935899+00:00,,False,,
79,62,R05.9,Tos no especificada con síntomas respiratorios asociados,principal,active,2026-09-28 17:36:00+00:00,1006713773,2026-09-29 02:08:00.935899+00:00,,False,,
80,63,S39.9,"Traumatismo de región lumbar, con sospecha de lesión ósea",principal,active,2026-09-28 16:36:00+00:00,1073827621,2026-09-29 02:08:00.935899+00:00,,False,,
