id_encuentro,id_paciente,fecha_hora_ingreso,fecha_hora_fin,tipo_encuentro,servicio,estado,motivo_consulta,observaciones_generales,nivel_triage,fecha_hora_triage,dolor_escala,observaciones_triage,clasificado_por,clasificacion_automatica,medico_responsable,creado_por,created_at,updated_at,is_deleted,deleted_at,deleted_by
1,1158509126,2026-02-13 06:54:00+00:00,2026-02-13 14:54:00+00:00,urgencias,URGENCIAS,finalizado,Dorsalgia,Paciente valorado al ingreso y asociado al episodio clínico.,3,2026-02-13 07:02:00+00:00,3,Clasificación clínica inicial realizada por el profesional.,1006713773,False,1006713773,1197694986,2026-09-26 16:15:19.507629+00:00,,False,,
2,1158509126,2026-04-09 10:50:00+00:00,2026-04-09 17:50:00+00:00,urgencias,URGENCIAS,finalizado,Cefalea,Paciente valorado al ingreso y asociado al episodio clínico.,3,2026-04-09 11:08:00+00:00,1,Clasificación clínica inicial realizada por el profesional.,1059917677,False,1059917677,1197694986,2026-09-26 16:15:19.507629+00:00,,False,,
3,1158509126,2026-08-08 11:52:00+00:00,2026-08-08 20:52:00+00:00,urgencias,URGENCIAS,finalizado,Hipertensión esencial,Paciente valorado al ingreso y asociado al episodio clínico.,3,2026-08-08 12:12:00+00:00,0,Clasificación clínica inicial realizada por el profesional.,1059917677,False,1059917677,1146395715,2026-09-26 16:15:19.507629+00:00,,False,,
4,1174452024,2026-01-05 00:27:00+00:00,2026-01-05 10:27:00+00:00,urgencias,URGENCIAS,finalizado,Asma,Paciente valorado al ingreso y asociado al episodio clínico.,5,2026-01-05 00:30:00+00:00,1,Clasificación clínica inicial realizada por el profesional.,1073827621,False,1073827621,1006713773,2026-09-26 16:15:19.507629+00:00,,False,,
5,1174452024,2026-06-24 15:27:00+00:00,2026-06-24 16:27:00+00:00,urgencias,URGENCIAS,finalizado,Dorsalgia,Paciente valorado al ingreso y asociado al episodio clínico.,3,2026-06-24 15:31:00+00:00,8,Clasificación clínica inicial realizada por el profesional.,1059917677,False,1059917677,1073827621,2026-09-26 16:15:19.507629+00:00,,False,,
6,1187405367,2026-02-24 14:32:00+00:00,2026-02-24 21:32:00+00:00,urgencias,URGENCIAS,finalizado,Diabetes mellitus tipo 2,Paciente valorado al ingreso y asociado al episodio clínico.,4,2026-02-24 14:46:00+00:00,8,Clasificación clínica inicial realizada por el profesional.,1073827621,False,1073827621,1073827621,2026-09-26 16:15:19.507629+00:00,,False,,
7,1187405367,2026-05-22 18:20:00+00:00,2026-05-23 05:20:00+00:00,urgencias,URGENCIAS,finalizado,Cefalea,Paciente valorado al ingreso y asociado al episodio clínico.,4,2026-05-22 18:22:00+00:00,2,Clasificación clínica inicial realizada por el profesional.,1197694986,False,1197694986,1059917677,2026-09-26 16:15:19.507629+00:00,,False,,
8,1187405367,2026-06-20 15:42:00+00:00,,urgencias,URGENCIAS,en_triage,Diarrea y gastroenteritis de presunto origen infeccioso,Paciente valorado al ingreso y asociado al episodio clínico.,3,2026-06-20 15:58:00+00:00,9,Clasificación clínica inicial realizada por el profesional.,1197694986,False,1197694986,1073827621,2026-09-26 16:15:19.507629+00:00,,False,,
9,1096362792,2026-03-22 07:18:00+00:00,2026-03-22 13:18:00+00:00,urgencias,URGENCIAS,finalizado,Cefalea,Paciente valorado al ingreso y asociado al episodio clínico.,2,2026-03-22 07:24:00+00:00,3,Clasificación clínica inicial realizada por el profesional.,1073827621,False,1073827621,1146395715,2026-09-26 16:15:19.507629+00:00,,False,,
10,1096362792,2026-04-17 20:50:00+00:00,2026-04-17 21:50:00+00:00,urgencias,URGENCIAS,finalizado,Hipertensión esencial,Paciente valorado al ingreso y asociado al episodio clínico.,1,2026-04-17 21:10:00+00:00,7,Clasificación clínica inicial realizada por el profesional.,1197694986,False,1197694986,1073827621,2026-09-26 16:15:19.507629+00:00,,False,,
11,1096362792,2026-09-23 01:39:00+00:00,,urgencias,URGENCIAS,en_observacion,Dorsalgia,Paciente valorado al ingreso y asociado al episodio clínico.,3,2026-09-23 01:41:00+00:00,6,Clasificación clínica inicial realizada por el profesional.,1073827621,False,1073827621,1197694986,2026-09-26 16:15:19.507629+00:00,,False,,
12,1148187279,2026-07-08 10:51:00+00:00,2026-07-08 19:51:00+00:00,urgencias,URGENCIAS,finalizado,Dorsalgia,Paciente valorado al ingreso y asociado al episodio clínico.,3,2026-07-08 10:57:00+00:00,8,Clasificación clínica inicial realizada por el profesional.,1006713773,False,1006713773,1073827621,2026-09-26 16:15:19.507629+00:00,,False,,
13,1177506521,2026-08-21 04:57:00+00:00,2026-08-21 13:57:00+00:00,urgencias,URGENCIAS,finalizado,Dolor abdominal y pélvico,Paciente valorado al ingreso y asociado al episodio clínico.,3,2026-08-21 05:14:00+00:00,8,Clasificación clínica inicial realizada por el profesional.,1073827621,False,1073827621,1197694986,2026-09-26 16:15:19.507629+00:00,,False,,
14,1177506521,2026-09-19 00:20:00+00:00,2026-09-19 04:20:00+00:00,urgencias,URGENCIAS,finalizado,Fractura del fémur,Paciente valorado al ingreso y asociado al episodio clínico.,4,2026-09-19 00:29:00+00:00,4,Clasificación clínica inicial realizada por el profesional.,1197694986,False,1197694986,1197694986,2026-09-26 16:15:19.507629+00:00,,False,,
15,1097933892,2026-04-09 15:20:00+00:00,2026-04-10 00:20:00+00:00,urgencias,URGENCIAS,finalizado,Dorsalgia,Paciente valorado al ingreso y asociado al episodio clínico.,2,2026-04-09 15:26:00+00:00,2,Clasificación clínica inicial realizada por el profesional.,1197694986,False,1197694986,1197694986,2026-09-26 16:15:19.507629+00:00,,False,,
16,1097933892,2026-08-04 03:18:00+00:00,2026-08-04 05:18:00+00:00,urgencias,URGENCIAS,finalizado,Fractura del fémur,Paciente valorado al ingreso y asociado al episodio clínico.,3,2026-08-04 03:21:00+00:00,5,Clasificación clínica inicial realizada por el profesional.,1197694986,False,1197694986,1073827621,2026-09-26 16:15:19.507629+00:00,,False,,
17,1045939680,2026-07-13 23:44:00+00:00,,urgencias,URGENCIAS,en_observacion,Diarrea y gastroenteritis de presunto origen infeccioso,Paciente valorado al ingreso y asociado al episodio clínico.,3,2026-07-13 23:59:00+00:00,0,Clasificación clínica inicial realizada por el profesional.,1059917677,False,1059917677,1073827621,2026-09-26 16:15:19.507629+00:00,,False,,
18,1087048983,2026-04-16 12:17:00+00:00,2026-04-16 18:17:00+00:00,urgencias,URGENCIAS,finalizado,Diabetes mellitus tipo 2,Paciente valorado al ingreso y asociado al episodio clínico.,4,2026-04-16 12:36:00+00:00,6,Clasificación clínica inicial realizada por el profesional.,1197694986,False,1197694986,1146395715,2026-09-26 16:15:19.507629+00:00,,False,,
19,1087048983,2026-07-16 05:24:00+00:00,2026-07-16 06:24:00+00:00,urgencias,URGENCIAS,finalizado,Rinofaringitis aguda (resfriado común),Paciente valorado al ingreso y asociado al episodio clínico.,5,2026-07-16 05:39:00+00:00,9,Clasificación clínica inicial realizada por el profesional.,1006713773,False,1006713773,1197694986,2026-09-26 16:15:19.507629+00:00,,False,,
20,1087048983,2026-09-27 00:57:00+00:00,,urgencias,URGENCIAS,en_atencion,Asma,Paciente valorado al ingreso y asociado al episodio clínico.,2,2026-09-27 01:13:00+00:00,4,Clasificación clínica inicial realizada por el profesional.,1059917677,False,1059917677,1146395715,2026-09-26 16:15:19.507629+00:00,,False,,
21,1071871145,2026-06-25 17:17:00+00:00,2026-06-25 18:17:00+00:00,urgencias,URGENCIAS,finalizado,Diarrea y gastroenteritis de presunto origen infeccioso,Paciente valorado al ingreso y asociado al episodio clínico.,4,2026-06-25 17:21:00+00:00,0,Clasificación clínica inicial realizada por el profesional.,1073827621,False,1073827621,1197694986,2026-09-26 16:15:19.507629+00:00,,False,,
22,1071871145,2026-07-09 07:30:00+00:00,2026-07-09 18:30:00+00:00,urgencias,URGENCIAS,finalizado,Dorsalgia,Paciente valorado al ingreso y asociado al episodio clínico.,1,2026-07-09 07:36:00+00:00,0,Clasificación clínica inicial realizada por el profesional.,1073827621,False,1073827621,1181650134,2026-09-26 16:15:19.507629+00:00,,False,,
23,1172564235,2026-03-17 02:07:00+00:00,2026-03-17 06:07:00+00:00,urgencias,URGENCIAS,finalizado,Diarrea y gastroenteritis de presunto origen infeccioso,Paciente valorado al ingreso y asociado al episodio clínico.,3,2026-03-17 02:12:00+00:00,4,Clasificación clínica inicial realizada por el profesional.,1073827621,False,1073827621,1059917677,2026-09-26 16:15:19.507629+00:00,,False,,
24,1156640927,2026-05-04 23:01:00+00:00,2026-05-05 09:01:00+00:00,urgencias,URGENCIAS,finalizado,Asma,Paciente valorado al ingreso y asociado al episodio clínico.,4,2026-05-04 23:21:00+00:00,6,Clasificación clínica inicial realizada por el profesional.,1073827621,False,1073827621,1181650134,2026-09-26 16:15:19.507629+00:00,,False,,
25,1041028029,2026-02-26 23:50:00+00:00,2026-02-27 00:50:00+00:00,urgencias,URGENCIAS,finalizado,Diarrea y gastroenteritis de presunto origen infeccioso,Paciente valorado al ingreso y asociado al episodio clínico.,3,2026-02-27 00:02:00+00:00,6,Clasificación clínica inicial realizada por el profesional.,1006713773,False,1006713773,1059917677,2026-09-26 16:15:19.507629+00:00,,False,,
26,1041028029,2026-04-05 03:49:00+00:00,2026-04-05 04:49:00+00:00,urgencias,URGENCIAS,finalizado,Hipertensión esencial,Paciente valorado al ingreso y asociado al episodio clínico.,4,2026-04-05 04:05:00+00:00,7,Clasificación clínica inicial realizada por el profesional.,1197694986,False,1197694986,1006713773,2026-09-26 16:15:19.507629+00:00,,False,,
27,1041028029,2026-05-29 02:38:00+00:00,2026-05-29 09:38:00+00:00,urgencias,URGENCIAS,finalizado,Cefalea,Paciente valorado al ingreso y asociado al episodio clínico.,2,2026-05-29 02:53:00+00:00,8,Clasificación clínica inicial realizada por el profesional.,1197694986,False,1197694986,1073827621,2026-09-26 16:15:19.507629+00:00,,False,,
28,1067488462,2026-02-09 19:15:00+00:00,2026-02-10 02:15:00+00:00,urgencias,URGENCIAS,finalizado,Diarrea y gastroenteritis de presunto origen infeccioso,Paciente valorado al ingreso y asociado al episodio clínico.,3,2026-02-09 19:23:00+00:00,7,Clasificación clínica inicial realizada por el profesional.,1073827621,False,1073827621,1073827621,2026-09-26 16:15:19.507629+00:00,,False,,
29,1067488462,2026-05-11 12:53:00+00:00,2026-05-11 18:53:00+00:00,urgencias,URGENCIAS,finalizado,Cefalea,Paciente valorado al ingreso y asociado al episodio clínico.,4,2026-05-11 12:55:00+00:00,5,Clasificación clínica inicial realizada por el profesional.,1059917677,False,1059917677,1059917677,2026-09-26 16:15:19.507629+00:00,,False,,
30,1067488462,2026-08-20 00:42:00+00:00,2026-08-20 04:42:00+00:00,urgencias,URGENCIAS,finalizado,Dolor abdominal y pélvico,Paciente valorado al ingreso y asociado al episodio clínico.,2,2026-08-20 00:59:00+00:00,6,Clasificación clínica inicial realizada por el profesional.,1073827621,False,1073827621,1197694986,2026-09-26 16:15:19.507629+00:00,,False,,
31,1172056873,2026-04-11 02:37:00+00:00,2026-04-11 08:37:00+00:00,urgencias,URGENCIAS,finalizado,Diarrea y gastroenteritis de presunto origen infeccioso,Paciente valorado al ingreso y asociado al episodio clínico.,3,2026-04-11 02:56:00+00:00,8,Clasificación clínica inicial realizada por el profesional.,1197694986,False,1197694986,1197694986,2026-09-26 16:15:19.507629+00:00,,False,,
32,1172056873,2026-05-08 17:44:00+00:00,2026-05-08 23:44:00+00:00,urgencias,URGENCIAS,finalizado,Cefalea,Paciente valorado al ingreso y asociado al episodio clínico.,3,2026-05-08 17:53:00+00:00,7,Clasificación clínica inicial realizada por el profesional.,1059917677,False,1059917677,1006713773,2026-09-26 16:15:19.507629+00:00,,False,,
33,1172056873,2026-08-15 05:05:00+00:00,,urgencias,URGENCIAS,en_triage,Diabetes mellitus tipo 2,Paciente valorado al ingreso y asociado al episodio clínico.,3,2026-08-15 05:22:00+00:00,8,Clasificación clínica inicial realizada por el profesional.,1073827621,False,1073827621,1146395715,2026-09-26 16:15:19.507629+00:00,,False,,
34,1136279761,2026-04-10 12:23:00+00:00,2026-04-10 15:23:00+00:00,urgencias,URGENCIAS,finalizado,Diabetes mellitus tipo 2,Paciente valorado al ingreso y asociado al episodio clínico.,3,2026-04-10 12:26:00+00:00,8,Clasificación clínica inicial realizada por el profesional.,1059917677,False,1059917677,1181650134,2026-09-26 16:15:19.507629+00:00,,False,,
35,1136279761,2026-09-20 14:06:00+00:00,2026-09-21 02:06:00+00:00,urgencias,URGENCIAS,finalizado,Dolor abdominal y pélvico,Paciente valorado al ingreso y asociado al episodio clínico.,5,2026-09-20 14:26:00+00:00,10,Clasificación clínica inicial realizada por el profesional.,1006713773,False,1006713773,1181650134,2026-09-26 16:15:19.507629+00:00,,False,,
36,1144788454,2026-03-02 13:55:00+00:00,2026-03-02 21:55:00+00:00,urgencias,URGENCIAS,finalizado,Asma,Paciente valorado al ingreso y asociado al episodio clínico.,2,2026-03-02 14:15:00+00:00,1,Clasificación clínica inicial realizada por el profesional.,1197694986,False,1197694986,1181650134,2026-09-26 16:15:19.507629+00:00,,False,,
37,1144788454,2026-08-16 19:21:00+00:00,2026-08-16 20:21:00+00:00,urgencias,URGENCIAS,finalizado,Cefalea,Paciente valorado al ingreso y asociado al episodio clínico.,2,2026-08-16 19:26:00+00:00,9,Clasificación clínica inicial realizada por el profesional.,1006713773,False,1006713773,1146395715,2026-09-26 16:15:19.507629+00:00,,False,,
38,1097436907,2026-04-25 21:24:00+00:00,2026-04-26 07:24:00+00:00,urgencias,URGENCIAS,finalizado,Rinofaringitis aguda (resfriado común),Paciente valorado al ingreso y asociado al episodio clínico.,5,2026-04-25 21:32:00+00:00,4,Clasificación clínica inicial realizada por el profesional.,1006713773,False,1006713773,1146395715,2026-09-26 16:15:19.507629+00:00,,False,,
39,1097436907,2026-07-21 00:50:00+00:00,2026-07-21 05:50:00+00:00,urgencias,URGENCIAS,finalizado,Dorsalgia,Paciente valorado al ingreso y asociado al episodio clínico.,4,2026-07-21 00:54:00+00:00,2,Clasificación clínica inicial realizada por el profesional.,1073827621,False,1073827621,1059917677,2026-09-26 16:15:19.507629+00:00,,False,,
40,1097436907,2026-08-15 14:55:00+00:00,,urgencias,URGENCIAS,en_atencion,Dolor abdominal y pélvico,Paciente valorado al ingreso y asociado al episodio clínico.,3,2026-08-15 15:04:00+00:00,9,Clasificación clínica inicial realizada por el profesional.,1059917677,False,1059917677,1181650134,2026-09-26 16:15:19.507629+00:00,,False,,
41,1022992422,2026-04-10 01:37:00+00:00,2026-04-10 12:37:00+00:00,urgencias,URGENCIAS,finalizado,Asma,Paciente valorado al ingreso y asociado al episodio clínico.,4,2026-04-10 01:46:00+00:00,3,Clasificación clínica inicial realizada por el profesional.,1006713773,False,1006713773,1059917677,2026-09-26 16:15:19.507629+00:00,,False,,
42,1022992422,2026-05-23 19:04:00+00:00,2026-05-24 00:04:00+00:00,urgencias,URGENCIAS,finalizado,Rinofaringitis aguda (resfriado común),Paciente valorado al ingreso y asociado al episodio clínico.,4,2026-05-23 19:24:00+00:00,1,Clasificación clínica inicial realizada por el profesional.,1073827621,False,1073827621,1006713773,2026-09-26 16:15:19.507629+00:00,,False,,
43,1177100512,2026-05-23 17:17:00+00:00,2026-05-24 02:17:00+00:00,urgencias,URGENCIAS,finalizado,Hipertensión esencial,Paciente valorado al ingreso y asociado al episodio clínico.,3,2026-05-23 17:29:00+00:00,7,Clasificación clínica inicial realizada por el profesional.,1006713773,False,1006713773,1073827621,2026-09-26 16:15:19.507629+00:00,,False,,
44,1177100512,2026-08-04 19:44:00+00:00,2026-08-04 20:44:00+00:00,urgencias,URGENCIAS,finalizado,Rinofaringitis aguda (resfriado común),Paciente valorado al ingreso y asociado al episodio clínico.,2,2026-08-04 19:47:00+00:00,10,Clasificación clínica inicial realizada por el profesional.,1059917677,False,1059917677,1059917677,2026-09-26 16:15:19.507629+00:00,,False,,
45,1195939378,2026-08-18 01:28:00+00:00,2026-08-18 04:28:00+00:00,urgencias,URGENCIAS,finalizado,Dolor abdominal y pélvico,Paciente valorado al ingreso y asociado al episodio clínico.,5,2026-08-18 01:41:00+00:00,6,Clasificación clínica inicial realizada por el profesional.,1006713773,False,1006713773,1073827621,2026-09-26 16:15:19.507629+00:00,,False,,
46,1032481817,2026-03-11 18:44:00+00:00,2026-03-12 02:44:00+00:00,urgencias,URGENCIAS,finalizado,Fractura del fémur,Paciente valorado al ingreso y asociado al episodio clínico.,3,2026-03-11 18:48:00+00:00,6,Clasificación clínica inicial realizada por el profesional.,1006713773,False,1006713773,1073827621,2026-09-26 16:15:19.507629+00:00,,False,,
47,1032481817,2026-06-12 02:06:00+00:00,,urgencias,URGENCIAS,en_atencion,Fractura del fémur,Paciente valorado al ingreso y asociado al episodio clínico.,2,2026-06-12 02:25:00+00:00,6,Clasificación clínica inicial realizada por el profesional.,1006713773,False,1006713773,1197694986,2026-09-26 16:15:19.507629+00:00,,False,,
48,1190009606,2026-06-20 20:40:00+00:00,2026-06-21 04:40:00+00:00,urgencias,URGENCIAS,finalizado,Cefalea,Paciente valorado al ingreso y asociado al episodio clínico.,4,2026-06-20 20:56:00+00:00,3,Clasificación clínica inicial realizada por el profesional.,1073827621,False,1073827621,1006713773,2026-09-26 16:15:19.507629+00:00,,False,,
49,1190009606,2026-07-02 11:33:00+00:00,2026-07-02 19:33:00+00:00,urgencias,URGENCIAS,finalizado,Dorsalgia,Paciente valorado al ingreso y asociado al episodio clínico.,2,2026-07-02 11:52:00+00:00,10,Clasificación clínica inicial realizada por el profesional.,1073827621,False,1073827621,1006713773,2026-09-26 16:15:19.507629+00:00,,False,,
50,1179577354,2026-09-14 07:14:00+00:00,2026-09-14 09:14:00+00:00,urgencias,URGENCIAS,finalizado,Diabetes mellitus tipo 2,Paciente valorado al ingreso y asociado al episodio clínico.,3,2026-09-14 07:25:00+00:00,1,Clasificación clínica inicial realizada por el profesional.,1197694986,False,1197694986,1197694986,2026-09-26 16:15:19.507629+00:00,,False,,
51,1109269327,2026-04-15 22:09:00+00:00,2026-04-16 10:09:00+00:00,urgencias,URGENCIAS,finalizado,Cefalea,Paciente valorado al ingreso y asociado al episodio clínico.,5,2026-04-15 22:27:00+00:00,1,Clasificación clínica inicial realizada por el profesional.,1197694986,False,1197694986,1006713773,2026-09-26 16:15:19.507629+00:00,,False,,
52,1109269327,2026-05-14 20:30:00+00:00,2026-05-15 01:30:00+00:00,urgencias,URGENCIAS,finalizado,Cefalea,Paciente valorado al ingreso y asociado al episodio clínico.,4,2026-05-14 20:46:00+00:00,4,Clasificación clínica inicial realizada por el profesional.,1197694986,False,1197694986,1146395715,2026-09-26 16:15:19.507629+00:00,,False,,
53,1109269327,2026-07-08 00:32:00+00:00,2026-07-08 06:32:00+00:00,urgencias,URGENCIAS,finalizado,Asma,Paciente valorado al ingreso y asociado al episodio clínico.,3,2026-07-08 00:40:00+00:00,8,Clasificación clínica inicial realizada por el profesional.,1197694986,False,1197694986,1006713773,2026-09-26 16:15:19.507629+00:00,,False,,
54,1200001001,2026-09-29 01:08:00+00:00,,urgencias,URGENCIAS,en_atencion,Caída con dolor intenso y deformidad en muñeca derecha,Paciente valorado en urgencias. Se solicita estudio radiográfico según hallazgos clínicos.,3,2026-09-29 01:16:00+00:00,8,Clasificación clínica inicial realizada por el profesional.,1006713773,False,1006713773,1006713773,2026-09-29 02:08:00.935899+00:00,,False,,
55,1200001002,2026-09-29 00:08:00+00:00,,urgencias,URGENCIAS,en_atencion,Trauma de tobillo izquierdo con edema e incapacidad para apoyar,Paciente valorado en urgencias. Se solicita estudio radiográfico según hallazgos clínicos.,3,2026-09-29 00:16:00+00:00,9,Clasificación clínica inicial realizada por el profesional.,1073827621,False,1073827621,1073827621,2026-09-29 02:08:00.935899+00:00,,False,,
56,1200001003,2026-09-28 23:08:00+00:00,,urgencias,URGENCIAS,en_atencion,Golpe directo en tórax con dolor al respirar,Paciente valorado en urgencias. Se solicita estudio radiográfico según hallazgos clínicos.,2,2026-09-28 23:16:00+00:00,8,Clasificación clínica inicial realizada por el profesional.,1059917677,False,1059917677,1059917677,2026-09-29 02:08:00.935899+00:00,,False,,
57,1200001004,2026-09-28 22:08:00+00:00,,urgencias,URGENCIAS,en_atencion,Dolor y limitación funcional de hombro después de caída,Paciente valorado en urgencias. Se solicita estudio radiográfico según hallazgos clínicos.,3,2026-09-28 22:16:00+00:00,7,Clasificación clínica inicial realizada por el profesional.,1197694986,False,1197694986,1197694986,2026-09-29 02:08:00.935899+00:00,,False,,
58,1200001005,2026-09-28 21:08:00+00:00,,urgencias,URGENCIAS,en_atencion,"Caída sobre rodilla con edema, dolor e imposibilidad para caminar",Paciente valorado en urgencias. Se solicita estudio radiográfico según hallazgos clínicos.,3,2026-09-29 02:48:09.108417+00:00,7,,1006713773,False,1006713773,1006713773,2026-09-29 02:08:00.935899+00:00,2026-09-29 02:48:09.108417+00:00,False,,
59,1200001006,2026-09-28 20:08:00+00:00,,urgencias,URGENCIAS,en_atencion,"Dolor intenso en cadera después de caída, no puede ponerse de pie",Paciente valorado en urgencias. Se solicita estudio radiográfico según hallazgos clínicos.,2,2026-09-28 20:16:00+00:00,10,Clasificación clínica inicial realizada por el profesional.,1073827621,False,1073827621,1073827621,2026-09-29 02:08:00.935899+00:00,,False,,
60,1200001007,2026-09-28 19:08:00+00:00,,urgencias,URGENCIAS,en_atencion,Golpe en mano derecha durante actividad deportiva con dolor en quinto dedo,Paciente valorado en urgencias. Se solicita estudio radiográfico según hallazgos clínicos.,4,2026-09-28 19:16:00+00:00,6,Clasificación clínica inicial realizada por el profesional.,1059917677,False,1059917677,1059917677,2026-09-29 02:08:00.935899+00:00,,False,,
61,1200001008,2026-09-28 18:08:00+00:00,,urgencias,URGENCIAS,en_atencion,"Fiebre, tos productiva y dificultad respiratoria",Paciente valorado en urgencias. Se solicita estudio radiográfico según hallazgos clínicos.,2,2026-09-28 18:16:00+00:00,3,Clasificación clínica inicial realizada por el profesional.,1197694986,False,1197694986,1197694986,2026-09-29 02:08:00.935899+00:00,,False,,
62,1200001009,2026-09-28 17:08:00+00:00,,urgencias,URGENCIAS,en_atencion,"Tos persistente, dolor torácico y disnea de esfuerzo",Paciente valorado en urgencias. Se solicita estudio radiográfico según hallazgos clínicos.,3,2026-09-28 17:16:00+00:00,5,Clasificación clínica inicial realizada por el profesional.,1006713773,False,1006713773,1006713773,2026-09-29 02:08:00.935899+00:00,,False,,
63,1200001010,2026-09-28 16:08:00+00:00,,urgencias,URGENCIAS,en_atencion,Caída desde altura baja con dolor lumbar intenso localizado,Paciente valorado en urgencias. Se solicita estudio radiográfico según hallazgos clínicos.,3,2026-09-28 16:16:00+00:00,8,Clasificación clínica inicial realizada por el profesional.,1073827621,False,1073827621,1073827621,2026-09-29 02:08:00.935899+00:00,,False,,
