id_examen,id_encuentro,codigo_loinc,nombre,categoria,estado,resultado,conclusion,fecha_solicitud,fecha_resultado,solicitado_por,registrado_resultado_por,created_at,updated_at,is_deleted,deleted_at,deleted_by
1,1,3094-0,Nitrógeno ureico,laboratorio,completed,35 mg/dL,Resultado disponible para valoración clínica.,2026-02-13 07:42:00+00:00,2026-02-13 11:42:00+00:00,1006713773,1006713773,2026-09-26 16:16:16.814611+00:00,,False,,
2,2,3094-0,Nitrógeno ureico,laboratorio,completed,14 mg/dL,Resultado disponible para valoración clínica.,2026-04-09 12:14:00+00:00,2026-04-09 15:14:00+00:00,1059917677,1059917677,2026-09-26 16:16:16.814611+00:00,,False,,
3,3,2345-7,Glucosa,laboratorio,completed,155 mg/dL,Resultado disponible para valoración clínica.,2026-08-08 12:52:00+00:00,2026-08-08 13:52:00+00:00,1059917677,1059917677,2026-09-26 16:16:16.814611+00:00,,False,,
4,5,3094-0,Nitrógeno ureico,laboratorio,active,,,2026-06-24 16:47:00+00:00,,1059917677,,2026-09-26 16:16:16.814611+00:00,,False,,
5,5,6690-2,Leucocitos,laboratorio,completed,4.2 10^3/uL,Resultado disponible para valoración clínica.,2026-06-24 15:47:00+00:00,2026-06-24 16:47:00+00:00,1059917677,1059917677,2026-09-26 16:16:16.814611+00:00,,False,,
6,6,2160-0,Creatinina,laboratorio,active,,,2026-02-24 15:59:00+00:00,,1073827621,,2026-09-26 16:16:16.814611+00:00,,False,,
7,7,6690-2,Leucocitos,laboratorio,completed,10.4 10^3/uL,Resultado disponible para valoración clínica.,2026-05-22 19:10:00+00:00,2026-05-22 23:10:00+00:00,1197694986,1197694986,2026-09-26 16:16:16.814611+00:00,,False,,
8,7,2345-7,Glucosa,laboratorio,completed,197 mg/dL,Resultado disponible para valoración clínica.,2026-05-22 18:48:00+00:00,2026-05-22 19:48:00+00:00,1197694986,1197694986,2026-09-26 16:16:16.814611+00:00,,False,,
9,8,2160-0,Creatinina,laboratorio,completed,1.23 mg/dL,Resultado disponible para valoración clínica.,2026-06-20 16:20:00+00:00,2026-06-20 19:20:00+00:00,1197694986,1197694986,2026-09-26 16:16:16.814611+00:00,,False,,
10,9,2160-0,Creatinina,laboratorio,completed,2.16 mg/dL,Resultado disponible para valoración clínica.,2026-03-22 07:48:00+00:00,2026-03-22 12:48:00+00:00,1073827621,1073827621,2026-09-26 16:16:16.814611+00:00,,False,,
11,10,3094-0,Nitrógeno ureico,laboratorio,active,,,2026-04-17 21:15:00+00:00,,1197694986,,2026-09-26 16:16:16.814611+00:00,,False,,
12,11,2345-7,Glucosa,laboratorio,completed,131 mg/dL,Resultado disponible para valoración clínica.,2026-09-23 02:07:00+00:00,2026-09-23 05:07:00+00:00,1073827621,1073827621,2026-09-26 16:16:16.814611+00:00,,False,,
13,11,718-7,Hemoglobina,laboratorio,completed,14.5 g/dL,Resultado disponible para valoración clínica.,2026-09-23 02:12:00+00:00,2026-09-23 07:12:00+00:00,1073827621,1073827621,2026-09-26 16:16:16.814611+00:00,,False,,
14,12,2345-7,Glucosa,laboratorio,completed,188 mg/dL,Resultado disponible para valoración clínica.,2026-07-08 11:33:00+00:00,2026-07-08 17:33:00+00:00,1006713773,1006713773,2026-09-26 16:16:16.814611+00:00,,False,,
15,14,6690-2,Leucocitos,laboratorio,completed,6.9 10^3/uL,Resultado disponible para valoración clínica.,2026-09-19 01:38:00+00:00,2026-09-19 02:38:00+00:00,1197694986,1197694986,2026-09-26 16:16:16.814611+00:00,,False,,
16,15,718-7,Hemoglobina,laboratorio,completed,12.0 g/dL,Resultado disponible para valoración clínica.,2026-04-09 16:19:00+00:00,2026-04-09 21:19:00+00:00,1197694986,1197694986,2026-09-26 16:16:16.814611+00:00,,False,,
17,17,6690-2,Leucocitos,laboratorio,completed,7.3 10^3/uL,Resultado disponible para valoración clínica.,2026-07-14 00:10:00+00:00,2026-07-14 06:10:00+00:00,1059917677,1059917677,2026-09-26 16:16:16.814611+00:00,,False,,
18,18,3094-0,Nitrógeno ureico,laboratorio,completed,12 mg/dL,Resultado disponible para valoración clínica.,2026-04-16 13:26:00+00:00,2026-04-16 16:26:00+00:00,1197694986,1197694986,2026-09-26 16:16:16.814611+00:00,,False,,
19,18,2160-0,Creatinina,laboratorio,completed,2.07 mg/dL,Resultado disponible para valoración clínica.,2026-04-16 13:40:00+00:00,2026-04-16 16:40:00+00:00,1197694986,1197694986,2026-09-26 16:16:16.814611+00:00,,False,,
20,19,3094-0,Nitrógeno ureico,laboratorio,completed,16 mg/dL,Resultado disponible para valoración clínica.,2026-07-16 06:07:00+00:00,2026-07-16 11:07:00+00:00,1006713773,1006713773,2026-09-26 16:16:16.814611+00:00,,False,,
21,20,2345-7,Glucosa,laboratorio,completed,179 mg/dL,Resultado disponible para valoración clínica.,2026-09-27 01:56:00+00:00,2026-09-27 05:56:00+00:00,1059917677,1059917677,2026-09-26 16:16:16.814611+00:00,,False,,
22,21,2345-7,Glucosa,laboratorio,completed,181 mg/dL,Resultado disponible para valoración clínica.,2026-06-25 18:22:00+00:00,2026-06-25 23:22:00+00:00,1073827621,1073827621,2026-09-26 16:16:16.814611+00:00,,False,,
23,21,3094-0,Nitrógeno ureico,laboratorio,completed,28 mg/dL,Resultado disponible para valoración clínica.,2026-06-25 17:44:00+00:00,2026-06-25 18:44:00+00:00,1073827621,1073827621,2026-09-26 16:16:16.814611+00:00,,False,,
24,22,2160-0,Creatinina,laboratorio,active,,,2026-07-09 08:08:00+00:00,,1073827621,,2026-09-26 16:16:16.814611+00:00,,False,,
25,22,6690-2,Leucocitos,laboratorio,active,,,2026-07-09 08:46:00+00:00,,1073827621,,2026-09-26 16:16:16.814611+00:00,,False,,
26,23,6690-2,Leucocitos,laboratorio,active,,,2026-03-17 03:13:00+00:00,,1073827621,,2026-09-26 16:16:16.814611+00:00,,False,,
27,24,2160-0,Creatinina,laboratorio,completed,1.13 mg/dL,Resultado disponible para valoración clínica.,2026-05-05 00:18:00+00:00,2026-05-05 03:18:00+00:00,1073827621,1073827621,2026-09-26 16:16:16.814611+00:00,,False,,
28,26,3094-0,Nitrógeno ureico,laboratorio,completed,7 mg/dL,Resultado disponible para valoración clínica.,2026-04-05 04:40:00+00:00,2026-04-05 05:40:00+00:00,1197694986,1197694986,2026-09-26 16:16:16.814611+00:00,,False,,
29,26,2345-7,Glucosa,laboratorio,completed,169 mg/dL,Resultado disponible para valoración clínica.,2026-04-05 05:12:00+00:00,2026-04-05 10:12:00+00:00,1197694986,1197694986,2026-09-26 16:16:16.814611+00:00,,False,,
30,28,3094-0,Nitrógeno ureico,laboratorio,active,,,2026-02-09 20:11:00+00:00,,1073827621,,2026-09-26 16:16:16.814611+00:00,,False,,
31,28,6690-2,Leucocitos,laboratorio,completed,5.2 10^3/uL,Resultado disponible para valoración clínica.,2026-02-09 20:37:00+00:00,2026-02-09 22:37:00+00:00,1073827621,1073827621,2026-09-26 16:16:16.814611+00:00,,False,,
32,30,718-7,Hemoglobina,laboratorio,completed,13.1 g/dL,Resultado disponible para valoración clínica.,2026-08-20 01:10:00+00:00,2026-08-20 06:10:00+00:00,1073827621,1073827621,2026-09-26 16:16:16.814611+00:00,,False,,
33,30,2345-7,Glucosa,laboratorio,active,,,2026-08-20 01:22:00+00:00,,1073827621,,2026-09-26 16:16:16.814611+00:00,,False,,
34,33,2160-0,Creatinina,laboratorio,completed,0.9 mg/dL,Resultado disponible para valoración clínica.,2026-08-15 05:50:00+00:00,2026-08-15 07:50:00+00:00,1073827621,1073827621,2026-09-26 16:16:16.814611+00:00,,False,,
35,33,6690-2,Leucocitos,laboratorio,completed,9.7 10^3/uL,Resultado disponible para valoración clínica.,2026-08-15 06:11:00+00:00,2026-08-15 11:11:00+00:00,1073827621,1073827621,2026-09-26 16:16:16.814611+00:00,,False,,
36,34,2160-0,Creatinina,laboratorio,active,,,2026-04-10 12:51:00+00:00,,1059917677,,2026-09-26 16:16:16.814611+00:00,,False,,
37,35,2160-0,Creatinina,laboratorio,active,,,2026-09-20 14:35:00+00:00,,1006713773,,2026-09-26 16:16:16.814611+00:00,,False,,
38,35,3094-0,Nitrógeno ureico,laboratorio,completed,9 mg/dL,Resultado disponible para valoración clínica.,2026-09-20 15:06:00+00:00,2026-09-20 21:06:00+00:00,1006713773,1006713773,2026-09-26 16:16:16.814611+00:00,,False,,
39,36,6690-2,Leucocitos,laboratorio,active,,,2026-03-02 14:31:00+00:00,,1197694986,,2026-09-26 16:16:16.814611+00:00,,False,,
40,36,2160-0,Creatinina,laboratorio,completed,1.38 mg/dL,Resultado disponible para valoración clínica.,2026-03-02 14:22:00+00:00,2026-03-02 15:22:00+00:00,1197694986,1197694986,2026-09-26 16:16:16.814611+00:00,,False,,
41,37,2345-7,Glucosa,laboratorio,active,,,2026-08-16 20:09:00+00:00,,1006713773,,2026-09-26 16:16:16.814611+00:00,,False,,
42,38,718-7,Hemoglobina,laboratorio,completed,9.9 g/dL,Resultado disponible para valoración clínica.,2026-04-25 22:54:00+00:00,2026-04-26 01:54:00+00:00,1006713773,1006713773,2026-09-26 16:16:16.814611+00:00,,False,,
43,38,2345-7,Glucosa,laboratorio,completed,198 mg/dL,Resultado disponible para valoración clínica.,2026-04-25 22:52:00+00:00,2026-04-25 23:52:00+00:00,1006713773,1006713773,2026-09-26 16:16:16.814611+00:00,,False,,
44,39,6690-2,Leucocitos,laboratorio,completed,4.4 10^3/uL,Resultado disponible para valoración clínica.,2026-07-21 01:53:00+00:00,2026-07-21 06:53:00+00:00,1073827621,1073827621,2026-09-26 16:16:16.814611+00:00,,False,,
45,41,6690-2,Leucocitos,laboratorio,completed,12.9 10^3/uL,Resultado disponible para valoración clínica.,2026-04-10 02:00:00+00:00,2026-04-10 06:00:00+00:00,1006713773,1006713773,2026-09-26 16:16:16.814611+00:00,,False,,
46,41,3094-0,Nitrógeno ureico,laboratorio,completed,14 mg/dL,Resultado disponible para valoración clínica.,2026-04-10 02:35:00+00:00,2026-04-10 06:35:00+00:00,1006713773,1006713773,2026-09-26 16:16:16.814611+00:00,,False,,
47,44,718-7,Hemoglobina,laboratorio,completed,12.5 g/dL,Resultado disponible para valoración clínica.,2026-08-04 20:57:00+00:00,2026-08-05 00:57:00+00:00,1059917677,1059917677,2026-09-26 16:16:16.814611+00:00,,False,,
48,45,2345-7,Glucosa,laboratorio,active,,,2026-08-18 02:28:00+00:00,,1006713773,,2026-09-26 16:16:16.814611+00:00,,False,,
49,49,2160-0,Creatinina,laboratorio,completed,0.95 mg/dL,Resultado disponible para valoración clínica.,2026-07-02 12:52:00+00:00,2026-07-02 13:52:00+00:00,1073827621,1073827621,2026-09-26 16:16:16.814611+00:00,,False,,
50,49,718-7,Hemoglobina,laboratorio,completed,11.2 g/dL,Resultado disponible para valoración clínica.,2026-07-02 12:05:00+00:00,2026-07-02 13:05:00+00:00,1073827621,1073827621,2026-09-26 16:16:16.814611+00:00,,False,,
51,50,6690-2,Leucocitos,laboratorio,active,,,2026-09-14 08:14:00+00:00,,1197694986,,2026-09-26 16:16:16.814611+00:00,,False,,
52,50,2160-0,Creatinina,laboratorio,completed,2.19 mg/dL,Resultado disponible para valoración clínica.,2026-09-14 07:54:00+00:00,2026-09-14 11:54:00+00:00,1197694986,1197694986,2026-09-26 16:16:16.814611+00:00,,False,,
53,51,3094-0,Nitrógeno ureico,laboratorio,completed,21 mg/dL,Resultado disponible para valoración clínica.,2026-04-15 23:19:00+00:00,2026-04-16 04:19:00+00:00,1197694986,1197694986,2026-09-26 16:16:16.814611+00:00,,False,,
54,51,718-7,Hemoglobina,laboratorio,active,,,2026-04-15 22:56:00+00:00,,1197694986,,2026-09-26 16:16:16.814611+00:00,,False,,
55,52,718-7,Hemoglobina,laboratorio,completed,13.0 g/dL,Resultado disponible para valoración clínica.,2026-05-14 21:50:00+00:00,2026-05-15 00:50:00+00:00,1197694986,1197694986,2026-09-26 16:16:16.814611+00:00,,False,,
56,20,,Radiografía de tórax,imagenologia,active,,,2026-09-27 20:01:23.763607+00:00,,1171644825,,2026-09-27 20:01:23.763607+00:00,,False,,
