id_detalle,id_factura,id_encuentro,id_prescripcion,id_examen,concepto,cantidad,valor_unitario,valor_total,creado_por,created_at,updated_at,is_deleted,deleted_at,deleted_by
1,1,1,,,Consulta de urgencias,1,45000.00,45000.00,1181650134,2026-09-26 16:16:31.074603+00:00,,False,,
2,1,1,1,,Medicamento: Insulina glargina 100U/ml,2,45000.00,90000.00,1181650134,2026-09-26 16:16:31.074603+00:00,,False,,
3,1,1,2,,Medicamento: Omeprazol 20mg,2,200.00,400.00,1181650134,2026-09-26 16:16:31.074603+00:00,,False,,
4,1,1,,1,Examen: Nitrógeno ureico,1,26000.00,26000.00,1181650134,2026-09-26 16:16:31.074603+00:00,,False,,
5,2,2,,,Consulta de urgencias,1,45000.00,45000.00,1181650134,2026-09-26 16:16:31.074603+00:00,,False,,
6,2,2,3,,Medicamento: Salbutamol inhalador 100mcg,1,18000.00,18000.00,1181650134,2026-09-26 16:16:31.074603+00:00,,False,,
7,2,2,4,,Medicamento: Metformina 850mg,2,280.00,560.00,1181650134,2026-09-26 16:16:31.074603+00:00,,False,,
8,2,2,,2,Examen: Nitrógeno ureico,1,26000.00,26000.00,1181650134,2026-09-26 16:16:31.074603+00:00,,False,,
9,3,3,,,Consulta de urgencias,1,45000.00,45000.00,1181650134,2026-09-26 16:16:31.074603+00:00,,False,,
10,3,3,5,,Medicamento: Amoxicilina 500mg,1,450.00,450.00,1181650134,2026-09-26 16:16:31.074603+00:00,,False,,
11,3,3,,3,Examen: Glucosa,1,22000.00,22000.00,1181650134,2026-09-26 16:16:31.074603+00:00,,False,,
12,4,5,,,Consulta de urgencias,1,45000.00,45000.00,1146395715,2026-09-26 16:16:31.074603+00:00,,False,,
13,4,5,6,,Medicamento: Amoxicilina 500mg,3,450.00,1350.00,1146395715,2026-09-26 16:16:31.074603+00:00,,False,,
14,4,5,7,,Medicamento: Losartán 50mg,3,320.00,960.00,1146395715,2026-09-26 16:16:31.074603+00:00,,False,,
15,4,5,,4,Examen: Nitrógeno ureico,1,26000.00,26000.00,1146395715,2026-09-26 16:16:31.074603+00:00,,False,,
16,4,5,,5,Examen: Leucocitos,1,32000.00,32000.00,1146395715,2026-09-26 16:16:31.074603+00:00,,False,,
17,5,6,,,Consulta de urgencias,1,45000.00,45000.00,1181650134,2026-09-26 16:16:31.074603+00:00,,False,,
18,5,6,8,,Medicamento: Ácido acetilsalicílico 100mg,2,100.00,200.00,1181650134,2026-09-26 16:16:31.074603+00:00,,False,,
19,5,6,9,,Medicamento: Salbutamol inhalador 100mcg,3,18000.00,54000.00,1181650134,2026-09-26 16:16:31.074603+00:00,,False,,
20,5,6,,6,Examen: Creatinina,1,26000.00,26000.00,1181650134,2026-09-26 16:16:31.074603+00:00,,False,,
21,6,7,,,Consulta de urgencias,1,45000.00,45000.00,1146395715,2026-09-26 16:16:31.074603+00:00,,False,,
22,6,7,,7,Examen: Leucocitos,1,32000.00,32000.00,1146395715,2026-09-26 16:16:31.074603+00:00,,False,,
23,6,7,,8,Examen: Glucosa,1,22000.00,22000.00,1146395715,2026-09-26 16:16:31.074603+00:00,,False,,
24,7,8,,,Consulta de urgencias,1,45000.00,45000.00,1146395715,2026-09-26 16:16:31.074603+00:00,,False,,
25,7,8,10,,Medicamento: Dexametasona 4mg/ml,3,900.00,2700.00,1146395715,2026-09-26 16:16:31.074603+00:00,,False,,
26,7,8,11,,Medicamento: Metformina 850mg,3,280.00,840.00,1146395715,2026-09-26 16:16:31.074603+00:00,,False,,
27,7,8,,9,Examen: Creatinina,1,26000.00,26000.00,1146395715,2026-09-26 16:16:31.074603+00:00,,False,,
28,8,11,,,Consulta de urgencias,1,45000.00,45000.00,1146395715,2026-09-26 16:16:31.074603+00:00,,False,,
29,8,11,15,,Medicamento: Insulina glargina 100U/ml,1,45000.00,45000.00,1146395715,2026-09-26 16:16:31.074603+00:00,,False,,
30,8,11,,12,Examen: Glucosa,1,22000.00,22000.00,1146395715,2026-09-26 16:16:31.074603+00:00,,False,,
31,8,11,,13,Examen: Hemoglobina,1,28000.00,28000.00,1146395715,2026-09-26 16:16:31.074603+00:00,,False,,
32,9,12,,,Consulta de urgencias,1,45000.00,45000.00,1181650134,2026-09-26 16:16:31.074603+00:00,,False,,
33,9,12,16,,Medicamento: Amoxicilina 500mg,1,450.00,450.00,1181650134,2026-09-26 16:16:31.074603+00:00,,False,,
34,9,12,17,,Medicamento: Solución salina 0.9% 1000ml,3,5200.00,15600.00,1181650134,2026-09-26 16:16:31.074603+00:00,,False,,
35,9,12,,14,Examen: Glucosa,1,22000.00,22000.00,1181650134,2026-09-26 16:16:31.074603+00:00,,False,,
36,10,14,,,Consulta de urgencias,1,45000.00,45000.00,1146395715,2026-09-26 16:16:31.074603+00:00,,False,,
37,10,14,20,,Medicamento: Insulina glargina 100U/ml,3,45000.00,135000.00,1146395715,2026-09-26 16:16:31.074603+00:00,,False,,
38,10,14,21,,Medicamento: Acetaminofén 500mg,1,250.00,250.00,1146395715,2026-09-26 16:16:31.074603+00:00,,False,,
39,10,14,,15,Examen: Leucocitos,1,32000.00,32000.00,1146395715,2026-09-26 16:16:31.074603+00:00,,False,,
40,11,15,,,Consulta de urgencias,1,45000.00,45000.00,1146395715,2026-09-26 16:16:31.074603+00:00,,False,,
41,11,15,,16,Examen: Hemoglobina,1,28000.00,28000.00,1146395715,2026-09-26 16:16:31.074603+00:00,,False,,
42,12,16,,,Consulta de urgencias,1,45000.00,45000.00,1146395715,2026-09-26 16:16:31.074603+00:00,,False,,
43,12,16,23,,Medicamento: Amoxicilina 500mg,2,450.00,900.00,1146395715,2026-09-26 16:16:31.074603+00:00,,False,,
44,13,17,,,Consulta de urgencias,1,45000.00,45000.00,1181650134,2026-09-26 16:16:31.074603+00:00,,False,,
45,13,17,25,,Medicamento: Ácido acetilsalicílico 100mg,2,100.00,200.00,1181650134,2026-09-26 16:16:31.074603+00:00,,False,,
46,13,17,,17,Examen: Leucocitos,1,32000.00,32000.00,1181650134,2026-09-26 16:16:31.074603+00:00,,False,,
47,14,18,,,Consulta de urgencias,1,45000.00,45000.00,1181650134,2026-09-26 16:16:31.074603+00:00,,False,,
48,14,18,26,,Medicamento: Metformina 850mg,3,280.00,840.00,1181650134,2026-09-26 16:16:31.074603+00:00,,False,,
49,14,18,27,,Medicamento: Losartán 50mg,2,320.00,640.00,1181650134,2026-09-26 16:16:31.074603+00:00,,False,,
50,14,18,,18,Examen: Nitrógeno ureico,1,26000.00,26000.00,1181650134,2026-09-26 16:16:31.074603+00:00,,False,,
51,14,18,,19,Examen: Creatinina,1,26000.00,26000.00,1181650134,2026-09-26 16:16:31.074603+00:00,,False,,
52,15,19,,,Consulta de urgencias,1,45000.00,45000.00,1181650134,2026-09-26 16:16:31.074603+00:00,,False,,
53,15,19,28,,Medicamento: Metformina 850mg,3,280.00,840.00,1181650134,2026-09-26 16:16:31.074603+00:00,,False,,
54,15,19,29,,Medicamento: Ibuprofeno 400mg,2,300.00,600.00,1181650134,2026-09-26 16:16:31.074603+00:00,,False,,
55,15,19,,20,Examen: Nitrógeno ureico,1,26000.00,26000.00,1181650134,2026-09-26 16:16:31.074603+00:00,,False,,
56,16,20,,,Consulta de urgencias,1,45000.00,45000.00,1181650134,2026-09-26 16:16:31.074603+00:00,,False,,
57,16,20,30,,Medicamento: Amoxicilina 500mg,1,450.00,450.00,1181650134,2026-09-26 16:16:31.074603+00:00,,False,,
58,16,20,31,,Medicamento: Metformina 850mg,3,280.00,840.00,1181650134,2026-09-26 16:16:31.074603+00:00,,False,,
59,16,20,,21,Examen: Glucosa,1,22000.00,22000.00,1181650134,2026-09-26 16:16:31.074603+00:00,,False,,
60,17,21,,,Consulta de urgencias,1,45000.00,45000.00,1181650134,2026-09-26 16:16:31.074603+00:00,,False,,
61,17,21,,22,Examen: Glucosa,1,22000.00,22000.00,1181650134,2026-09-26 16:16:31.074603+00:00,,False,,
62,17,21,,23,Examen: Nitrógeno ureico,1,26000.00,26000.00,1181650134,2026-09-26 16:16:31.074603+00:00,,False,,
63,18,23,,,Consulta de urgencias,1,45000.00,45000.00,1146395715,2026-09-26 16:16:31.074603+00:00,,False,,
64,18,23,34,,Medicamento: Losartán 50mg,1,320.00,320.00,1146395715,2026-09-26 16:16:31.074603+00:00,,False,,
65,18,23,,26,Examen: Leucocitos,1,32000.00,32000.00,1146395715,2026-09-26 16:16:31.074603+00:00,,False,,
66,19,24,,,Consulta de urgencias,1,45000.00,45000.00,1146395715,2026-09-26 16:16:31.074603+00:00,,False,,
67,19,24,35,,Medicamento: Acetaminofén 500mg,1,250.00,250.00,1146395715,2026-09-26 16:16:31.074603+00:00,,False,,
68,19,24,,27,Examen: Creatinina,1,26000.00,26000.00,1146395715,2026-09-26 16:16:31.074603+00:00,,False,,
69,20,25,,,Consulta de urgencias,1,45000.00,45000.00,1146395715,2026-09-26 16:16:31.074603+00:00,,False,,
70,20,25,36,,Medicamento: Solución salina 0.9% 1000ml,1,5200.00,5200.00,1146395715,2026-09-26 16:16:31.074603+00:00,,False,,
71,21,26,,,Consulta de urgencias,1,45000.00,45000.00,1181650134,2026-09-26 16:16:31.074603+00:00,,False,,
72,21,26,,28,Examen: Nitrógeno ureico,1,26000.00,26000.00,1181650134,2026-09-26 16:16:31.074603+00:00,,False,,
73,21,26,,29,Examen: Glucosa,1,22000.00,22000.00,1181650134,2026-09-26 16:16:31.074603+00:00,,False,,
74,22,27,,,Consulta de urgencias,1,45000.00,45000.00,1181650134,2026-09-26 16:16:31.074603+00:00,,False,,
75,23,28,,,Consulta de urgencias,1,45000.00,45000.00,1181650134,2026-09-26 16:16:31.074603+00:00,,False,,
76,23,28,38,,Medicamento: Metformina 850mg,2,280.00,560.00,1181650134,2026-09-26 16:16:31.074603+00:00,,False,,
77,23,28,,30,Examen: Nitrógeno ureico,1,26000.00,26000.00,1181650134,2026-09-26 16:16:31.074603+00:00,,False,,
78,23,28,,31,Examen: Leucocitos,1,32000.00,32000.00,1181650134,2026-09-26 16:16:31.074603+00:00,,False,,
79,24,29,,,Consulta de urgencias,1,45000.00,45000.00,1146395715,2026-09-26 16:16:31.074603+00:00,,False,,
80,24,29,39,,Medicamento: Solución salina 0.9% 1000ml,3,5200.00,15600.00,1146395715,2026-09-26 16:16:31.074603+00:00,,False,,
81,25,30,,,Consulta de urgencias,1,45000.00,45000.00,1146395715,2026-09-26 16:16:31.074603+00:00,,False,,
82,25,30,40,,Medicamento: Amoxicilina 500mg,2,450.00,900.00,1146395715,2026-09-26 16:16:31.074603+00:00,,False,,
83,25,30,,32,Examen: Hemoglobina,1,28000.00,28000.00,1146395715,2026-09-26 16:16:31.074603+00:00,,False,,
84,25,30,,33,Examen: Glucosa,1,22000.00,22000.00,1146395715,2026-09-26 16:16:31.074603+00:00,,False,,
85,26,31,,,Consulta de urgencias,1,45000.00,45000.00,1181650134,2026-09-26 16:16:31.074603+00:00,,False,,
86,26,31,41,,Medicamento: Loratadina 10mg,2,150.00,300.00,1181650134,2026-09-26 16:16:31.074603+00:00,,False,,
87,27,32,,,Consulta de urgencias,1,45000.00,45000.00,1146395715,2026-09-26 16:16:31.074603+00:00,,False,,
88,27,32,42,,Medicamento: Acetaminofén 500mg,2,250.00,500.00,1146395715,2026-09-26 16:16:31.074603+00:00,,False,,
89,28,34,,,Consulta de urgencias,1,45000.00,45000.00,1181650134,2026-09-26 16:16:31.074603+00:00,,False,,
90,28,34,46,,Medicamento: Ibuprofeno 400mg,2,300.00,600.00,1181650134,2026-09-26 16:16:31.074603+00:00,,False,,
91,28,34,,36,Examen: Creatinina,1,26000.00,26000.00,1181650134,2026-09-26 16:16:31.074603+00:00,,False,,
92,29,35,,,Consulta de urgencias,1,45000.00,45000.00,1181650134,2026-09-26 16:16:31.074603+00:00,,False,,
93,29,35,47,,Medicamento: Insulina glargina 100U/ml,1,45000.00,45000.00,1181650134,2026-09-26 16:16:31.074603+00:00,,False,,
94,29,35,48,,Medicamento: Amoxicilina 500mg,2,450.00,900.00,1181650134,2026-09-26 16:16:31.074603+00:00,,False,,
95,29,35,,37,Examen: Creatinina,1,26000.00,26000.00,1181650134,2026-09-26 16:16:31.074603+00:00,,False,,
96,29,35,,38,Examen: Nitrógeno ureico,1,26000.00,26000.00,1181650134,2026-09-26 16:16:31.074603+00:00,,False,,
97,30,36,,,Consulta de urgencias,1,45000.00,45000.00,1181650134,2026-09-26 16:16:31.074603+00:00,,False,,
98,30,36,,39,Examen: Leucocitos,1,32000.00,32000.00,1181650134,2026-09-26 16:16:31.074603+00:00,,False,,
99,30,36,,40,Examen: Creatinina,1,26000.00,26000.00,1181650134,2026-09-26 16:16:31.074603+00:00,,False,,
100,31,37,,,Consulta de urgencias,1,45000.00,45000.00,1181650134,2026-09-26 16:16:31.074603+00:00,,False,,
101,31,37,49,,Medicamento: Loratadina 10mg,2,150.00,300.00,1181650134,2026-09-26 16:16:31.074603+00:00,,False,,
102,31,37,50,,Medicamento: Salbutamol inhalador 100mcg,3,18000.00,54000.00,1181650134,2026-09-26 16:16:31.074603+00:00,,False,,
103,31,37,,41,Examen: Glucosa,1,22000.00,22000.00,1181650134,2026-09-26 16:16:31.074603+00:00,,False,,
104,32,38,,,Consulta de urgencias,1,45000.00,45000.00,1181650134,2026-09-26 16:16:31.074603+00:00,,False,,
105,32,38,,42,Examen: Hemoglobina,1,28000.00,28000.00,1181650134,2026-09-26 16:16:31.074603+00:00,,False,,
106,32,38,,43,Examen: Glucosa,1,22000.00,22000.00,1181650134,2026-09-26 16:16:31.074603+00:00,,False,,
107,33,40,,,Consulta de urgencias,1,45000.00,45000.00,1181650134,2026-09-26 16:16:31.074603+00:00,,False,,
108,33,40,52,,Medicamento: Omeprazol 20mg,3,200.00,600.00,1181650134,2026-09-26 16:16:31.074603+00:00,,False,,
109,33,40,53,,Medicamento: Metformina 850mg,1,280.00,280.00,1181650134,2026-09-26 16:16:31.074603+00:00,,False,,
110,34,42,,,Consulta de urgencias,1,45000.00,45000.00,1146395715,2026-09-26 16:16:31.074603+00:00,,False,,
111,34,42,55,,Medicamento: Solución salina 0.9% 1000ml,3,5200.00,15600.00,1146395715,2026-09-26 16:16:31.074603+00:00,,False,,
112,34,42,56,,Medicamento: Salbutamol inhalador 100mcg,3,18000.00,54000.00,1146395715,2026-09-26 16:16:31.074603+00:00,,False,,
113,35,43,,,Consulta de urgencias,1,45000.00,45000.00,1146395715,2026-09-26 16:16:31.074603+00:00,,False,,
114,36,44,,,Consulta de urgencias,1,45000.00,45000.00,1146395715,2026-09-26 16:16:31.074603+00:00,,False,,
115,36,44,57,,Medicamento: Losartán 50mg,1,320.00,320.00,1146395715,2026-09-26 16:16:31.074603+00:00,,False,,
116,36,44,,47,Examen: Hemoglobina,1,28000.00,28000.00,1146395715,2026-09-26 16:16:31.074603+00:00,,False,,
117,37,45,,,Consulta de urgencias,1,45000.00,45000.00,1146395715,2026-09-26 16:16:31.074603+00:00,,False,,
118,37,45,58,,Medicamento: Loratadina 10mg,2,150.00,300.00,1146395715,2026-09-26 16:16:31.074603+00:00,,False,,
119,37,45,59,,Medicamento: Salbutamol inhalador 100mcg,3,18000.00,54000.00,1146395715,2026-09-26 16:16:31.074603+00:00,,False,,
120,37,45,,48,Examen: Glucosa,1,22000.00,22000.00,1146395715,2026-09-26 16:16:31.074603+00:00,,False,,
121,38,46,,,Consulta de urgencias,1,45000.00,45000.00,1181650134,2026-09-26 16:16:31.074603+00:00,,False,,
122,39,49,,,Consulta de urgencias,1,45000.00,45000.00,1146395715,2026-09-26 16:16:31.074603+00:00,,False,,
123,39,49,62,,Medicamento: Amoxicilina 500mg,2,450.00,900.00,1146395715,2026-09-26 16:16:31.074603+00:00,,False,,
124,39,49,,49,Examen: Creatinina,1,26000.00,26000.00,1146395715,2026-09-26 16:16:31.074603+00:00,,False,,
125,39,49,,50,Examen: Hemoglobina,1,28000.00,28000.00,1146395715,2026-09-26 16:16:31.074603+00:00,,False,,
126,40,50,,,Consulta de urgencias,1,45000.00,45000.00,1181650134,2026-09-26 16:16:31.074603+00:00,,False,,
127,40,50,63,,Medicamento: Insulina glargina 100U/ml,3,45000.00,135000.00,1181650134,2026-09-26 16:16:31.074603+00:00,,False,,
128,40,50,,51,Examen: Leucocitos,1,32000.00,32000.00,1181650134,2026-09-26 16:16:31.074603+00:00,,False,,
129,40,50,,52,Examen: Creatinina,1,26000.00,26000.00,1181650134,2026-09-26 16:16:31.074603+00:00,,False,,
130,41,52,,,Consulta de urgencias,1,45000.00,45000.00,1146395715,2026-09-26 16:16:31.074603+00:00,,False,,
131,41,52,64,,Medicamento: Ácido acetilsalicílico 100mg,1,100.00,100.00,1146395715,2026-09-26 16:16:31.074603+00:00,,False,,
132,41,52,,55,Examen: Hemoglobina,1,28000.00,28000.00,1146395715,2026-09-26 16:16:31.074603+00:00,,False,,
133,42,53,,,Consulta de urgencias,1,45000.00,45000.00,1146395715,2026-09-26 16:16:31.074603+00:00,,False,,
134,42,53,65,,Medicamento: Salbutamol inhalador 100mcg,2,18000.00,36000.00,1146395715,2026-09-26 16:16:31.074603+00:00,,False,,
