id_factura,id_paciente,id_encuentro,numero_factura,fecha_emision,concepto,total,estado,creado_por,created_at,updated_at,is_deleted,deleted_at,deleted_by
1,1158509126,1,FE-2026-00001,2026-02-13 13:54:00+00:00,Atención de urgencias,161400.00,pendiente,1181650134,2026-09-26 16:16:31.074603+00:00,,False,,
2,1158509126,2,FE-2026-00002,2026-04-09 20:50:00+00:00,Atención de urgencias,89560.00,pendiente,1181650134,2026-09-26 16:16:31.074603+00:00,,False,,
3,1158509126,3,FE-2026-00003,2026-08-08 20:52:00+00:00,Atención de urgencias,67450.00,anulada,1181650134,2026-09-26 16:16:31.074603+00:00,,False,,
4,1174452024,5,FE-2026-00005,2026-06-24 16:27:00+00:00,Atención de urgencias,105310.00,pendiente,1146395715,2026-09-26 16:16:31.074603+00:00,,False,,
5,1187405367,6,FE-2026-00006,2026-02-25 01:32:00+00:00,Atención de urgencias,125200.00,anulada,1181650134,2026-09-26 16:16:31.074603+00:00,,False,,
6,1187405367,7,FE-2026-00007,2026-05-23 00:20:00+00:00,Atención de urgencias,99000.00,anulada,1146395715,2026-09-26 16:16:31.074603+00:00,,False,,
7,1187405367,8,FE-2026-00008,2026-06-20 22:42:00+00:00,Atención de urgencias,74540.00,pendiente,1146395715,2026-09-26 16:16:31.074603+00:00,,False,,
8,1096362792,11,FE-2026-00011,2026-09-23 03:39:00+00:00,Atención de urgencias,140000.00,pendiente,1146395715,2026-09-26 16:16:31.074603+00:00,,False,,
9,1148187279,12,FE-2026-00012,2026-07-08 22:51:00+00:00,Atención de urgencias,83050.00,anulada,1181650134,2026-09-26 16:16:31.074603+00:00,,False,,
10,1177506521,14,FE-2026-00014,2026-09-19 08:20:00+00:00,Atención de urgencias,212250.00,pagada,1146395715,2026-09-26 16:16:31.074603+00:00,,False,,
11,1097933892,15,FE-2026-00015,2026-04-09 19:20:00+00:00,Atención de urgencias,73000.00,pendiente,1146395715,2026-09-26 16:16:31.074603+00:00,,False,,
12,1097933892,16,FE-2026-00016,2026-08-04 07:18:00+00:00,Atención de urgencias,45900.00,anulada,1146395715,2026-09-26 16:16:31.074603+00:00,,False,,
13,1045939680,17,FE-2026-00017,2026-07-14 00:44:00+00:00,Atención de urgencias,77200.00,pagada,1181650134,2026-09-26 16:16:31.074603+00:00,,False,,
14,1087048983,18,FE-2026-00018,2026-04-16 16:17:00+00:00,Atención de urgencias,98480.00,pendiente,1181650134,2026-09-26 16:16:31.074603+00:00,,False,,
15,1087048983,19,FE-2026-00019,2026-07-16 13:24:00+00:00,Atención de urgencias,72440.00,pagada,1181650134,2026-09-26 16:16:31.074603+00:00,,False,,
16,1087048983,20,FE-2026-00020,2026-09-27 04:57:00+00:00,Atención de urgencias,68290.00,pagada,1181650134,2026-09-26 16:16:31.074603+00:00,,False,,
17,1071871145,21,FE-2026-00021,2026-06-26 02:17:00+00:00,Atención de urgencias,93000.00,pendiente,1181650134,2026-09-26 16:16:31.074603+00:00,,False,,
18,1172564235,23,FE-2026-00023,2026-03-17 06:07:00+00:00,Atención de urgencias,77320.00,pagada,1146395715,2026-09-26 16:16:31.074603+00:00,,False,,
19,1156640927,24,FE-2026-00024,2026-05-05 09:01:00+00:00,Atención de urgencias,71250.00,pagada,1146395715,2026-09-26 16:16:31.074603+00:00,,False,,
20,1041028029,25,FE-2026-00025,2026-02-27 03:50:00+00:00,Atención de urgencias,50200.00,pagada,1146395715,2026-09-26 16:16:31.074603+00:00,,False,,
21,1041028029,26,FE-2026-00026,2026-04-05 10:49:00+00:00,Atención de urgencias,93000.00,pagada,1181650134,2026-09-26 16:16:31.074603+00:00,,False,,
22,1041028029,27,FE-2026-00027,2026-05-29 13:38:00+00:00,Atención de urgencias,45000.00,pagada,1181650134,2026-09-26 16:16:31.074603+00:00,,False,,
23,1067488462,28,FE-2026-00028,2026-02-10 01:15:00+00:00,Atención de urgencias,103560.00,anulada,1181650134,2026-09-26 16:16:31.074603+00:00,,False,,
24,1067488462,29,FE-2026-00029,2026-05-12 00:53:00+00:00,Atención de urgencias,60600.00,pagada,1146395715,2026-09-26 16:16:31.074603+00:00,,False,,
25,1067488462,30,FE-2026-00030,2026-08-20 03:42:00+00:00,Atención de urgencias,95900.00,pagada,1146395715,2026-09-26 16:16:31.074603+00:00,,False,,
26,1172056873,31,FE-2026-00031,2026-04-11 07:37:00+00:00,Atención de urgencias,45300.00,pagada,1181650134,2026-09-26 16:16:31.074603+00:00,,False,,
27,1172056873,32,FE-2026-00032,2026-05-08 18:44:00+00:00,Atención de urgencias,45500.00,pagada,1146395715,2026-09-26 16:16:31.074603+00:00,,False,,
28,1136279761,34,FE-2026-00034,2026-04-10 19:23:00+00:00,Atención de urgencias,71600.00,pendiente,1181650134,2026-09-26 16:16:31.074603+00:00,,False,,
29,1136279761,35,FE-2026-00035,2026-09-20 22:06:00+00:00,Atención de urgencias,142900.00,pagada,1181650134,2026-09-26 16:16:31.074603+00:00,,False,,
30,1144788454,36,FE-2026-00036,2026-03-02 14:55:00+00:00,Atención de urgencias,103000.00,pendiente,1181650134,2026-09-26 16:16:31.074603+00:00,,False,,
31,1144788454,37,FE-2026-00037,2026-08-16 21:21:00+00:00,Atención de urgencias,121300.00,pendiente,1181650134,2026-09-26 16:16:31.074603+00:00,,False,,
32,1097436907,38,FE-2026-00038,2026-04-26 05:24:00+00:00,Atención de urgencias,95000.00,pendiente,1181650134,2026-09-26 16:16:31.074603+00:00,,False,,
33,1097436907,40,FE-2026-00040,2026-08-15 18:55:00+00:00,Atención de urgencias,45880.00,anulada,1181650134,2026-09-26 16:16:31.074603+00:00,,False,,
34,1022992422,42,FE-2026-00042,2026-05-23 23:04:00+00:00,Atención de urgencias,114600.00,pagada,1146395715,2026-09-26 16:16:31.074603+00:00,,False,,
35,1177100512,43,FE-2026-00043,2026-05-23 21:17:00+00:00,Atención de urgencias,45000.00,pagada,1146395715,2026-09-26 16:16:31.074603+00:00,,False,,
36,1177100512,44,FE-2026-00044,2026-08-05 03:44:00+00:00,Atención de urgencias,73320.00,pagada,1146395715,2026-09-26 16:16:31.074603+00:00,,False,,
37,1195939378,45,FE-2026-00045,2026-08-18 07:28:00+00:00,Atención de urgencias,121300.00,pagada,1146395715,2026-09-26 16:16:31.074603+00:00,,False,,
38,1032481817,46,FE-2026-00046,2026-03-12 06:44:00+00:00,Atención de urgencias,45000.00,pagada,1181650134,2026-09-26 16:16:31.074603+00:00,,False,,
39,1190009606,49,FE-2026-00049,2026-07-02 12:33:00+00:00,Atención de urgencias,99900.00,pagada,1146395715,2026-09-26 16:16:31.074603+00:00,,False,,
40,1179577354,50,FE-2026-00050,2026-09-14 08:14:00+00:00,Atención de urgencias,238000.00,pendiente,1181650134,2026-09-26 16:16:31.074603+00:00,,False,,
41,1109269327,52,FE-2026-00052,2026-05-15 01:30:00+00:00,Atención de urgencias,73100.00,pendiente,1146395715,2026-09-26 16:16:31.074603+00:00,,False,,
42,1109269327,53,FE-2026-00053,2026-07-08 10:32:00+00:00,Atención de urgencias,81000.00,pagada,1146395715,2026-09-26 16:16:31.074603+00:00,,False,,
