id_nota,id_encuentro,tipo_nota,contenido,fecha_hora,registrado_por,created_at,updated_at,is_deleted,deleted_at,deleted_by
1,1,valoracion,"Valoración inicial realizada. Se revisan síntomas, antecedentes y signos vitales.",2026-02-13 08:04:00+00:00,1006713773,2026-09-26 16:16:05.979555+00:00,,False,,
2,1,evolucion,Paciente con evolución clínica documentada durante el encuentro.,2026-02-13 08:57:00+00:00,1006713773,2026-09-26 16:16:05.979555+00:00,,False,,
3,2,valoracion,"Valoración inicial realizada. Se revisan síntomas, antecedentes y signos vitales.",2026-04-09 12:55:00+00:00,1059917677,2026-09-26 16:16:05.979555+00:00,,False,,
4,2,evolucion,Paciente con evolución clínica documentada durante el encuentro.,2026-04-09 12:32:00+00:00,1059917677,2026-09-26 16:16:05.979555+00:00,,False,,
5,3,valoracion,"Valoración inicial realizada. Se revisan síntomas, antecedentes y signos vitales.",2026-08-08 14:01:00+00:00,1059917677,2026-09-26 16:16:05.979555+00:00,,False,,
6,3,evolucion,Paciente con evolución clínica documentada durante el encuentro.,2026-08-08 14:06:00+00:00,1059917677,2026-09-26 16:16:05.979555+00:00,,False,,
7,4,valoracion,"Valoración inicial realizada. Se revisan síntomas, antecedentes y signos vitales.",2026-01-05 02:23:00+00:00,1073827621,2026-09-26 16:16:05.979555+00:00,,False,,
8,4,evolucion,Paciente con evolución clínica documentada durante el encuentro.,2026-01-05 01:10:00+00:00,1073827621,2026-09-26 16:16:05.979555+00:00,,False,,
9,5,valoracion,"Valoración inicial realizada. Se revisan síntomas, antecedentes y signos vitales.",2026-06-24 17:22:00+00:00,1059917677,2026-09-26 16:16:05.979555+00:00,,False,,
10,5,evolucion,Paciente con evolución clínica documentada durante el encuentro.,2026-06-24 16:13:00+00:00,1059917677,2026-09-26 16:16:05.979555+00:00,,False,,
11,6,valoracion,"Valoración inicial realizada. Se revisan síntomas, antecedentes y signos vitales.",2026-02-24 16:26:00+00:00,1073827621,2026-09-26 16:16:05.979555+00:00,,False,,
12,6,evolucion,Paciente con evolución clínica documentada durante el encuentro.,2026-02-24 15:26:00+00:00,1073827621,2026-09-26 16:16:05.979555+00:00,,False,,
13,7,valoracion,"Valoración inicial realizada. Se revisan síntomas, antecedentes y signos vitales.",2026-05-22 21:12:00+00:00,1197694986,2026-09-26 16:16:05.979555+00:00,,False,,
14,7,evolucion,Paciente con evolución clínica documentada durante el encuentro.,2026-05-22 20:28:00+00:00,1197694986,2026-09-26 16:16:05.979555+00:00,,False,,
15,8,valoracion,"Valoración inicial realizada. Se revisan síntomas, antecedentes y signos vitales.",2026-06-20 17:24:00+00:00,1197694986,2026-09-26 16:16:05.979555+00:00,,False,,
16,9,valoracion,"Valoración inicial realizada. Se revisan síntomas, antecedentes y signos vitales.",2026-03-22 08:52:00+00:00,1073827621,2026-09-26 16:16:05.979555+00:00,,False,,
17,9,evolucion,Paciente con evolución clínica documentada durante el encuentro.,2026-03-22 08:26:00+00:00,1073827621,2026-09-26 16:16:05.979555+00:00,,False,,
18,10,valoracion,"Valoración inicial realizada. Se revisan síntomas, antecedentes y signos vitales.",2026-04-17 22:45:00+00:00,1197694986,2026-09-26 16:16:05.979555+00:00,,False,,
19,10,evolucion,Paciente con evolución clínica documentada durante el encuentro.,2026-04-17 21:40:00+00:00,1197694986,2026-09-26 16:16:05.979555+00:00,,False,,
20,11,valoracion,"Valoración inicial realizada. Se revisan síntomas, antecedentes y signos vitales.",2026-09-23 04:38:00+00:00,1073827621,2026-09-26 16:16:05.979555+00:00,,False,,
21,12,valoracion,"Valoración inicial realizada. Se revisan síntomas, antecedentes y signos vitales.",2026-07-08 11:57:00+00:00,1006713773,2026-09-26 16:16:05.979555+00:00,,False,,
22,12,evolucion,Paciente con evolución clínica documentada durante el encuentro.,2026-07-08 12:50:00+00:00,1006713773,2026-09-26 16:16:05.979555+00:00,,False,,
23,13,valoracion,"Valoración inicial realizada. Se revisan síntomas, antecedentes y signos vitales.",2026-08-21 06:46:00+00:00,1073827621,2026-09-26 16:16:05.979555+00:00,,False,,
24,13,evolucion,Paciente con evolución clínica documentada durante el encuentro.,2026-08-21 07:07:00+00:00,1073827621,2026-09-26 16:16:05.979555+00:00,,False,,
25,14,valoracion,"Valoración inicial realizada. Se revisan síntomas, antecedentes y signos vitales.",2026-09-19 01:23:00+00:00,1197694986,2026-09-26 16:16:05.979555+00:00,,False,,
26,14,evolucion,Paciente con evolución clínica documentada durante el encuentro.,2026-09-19 01:11:00+00:00,1197694986,2026-09-26 16:16:05.979555+00:00,,False,,
27,15,valoracion,"Valoración inicial realizada. Se revisan síntomas, antecedentes y signos vitales.",2026-04-09 17:09:00+00:00,1197694986,2026-09-26 16:16:05.979555+00:00,,False,,
28,15,evolucion,Paciente con evolución clínica documentada durante el encuentro.,2026-04-09 18:13:00+00:00,1197694986,2026-09-26 16:16:05.979555+00:00,,False,,
29,16,valoracion,"Valoración inicial realizada. Se revisan síntomas, antecedentes y signos vitales.",2026-08-04 05:24:00+00:00,1197694986,2026-09-26 16:16:05.979555+00:00,,False,,
30,16,evolucion,Paciente con evolución clínica documentada durante el encuentro.,2026-08-04 05:12:00+00:00,1197694986,2026-09-26 16:16:05.979555+00:00,,False,,
31,17,valoracion,"Valoración inicial realizada. Se revisan síntomas, antecedentes y signos vitales.",2026-07-14 00:46:00+00:00,1059917677,2026-09-26 16:16:05.979555+00:00,,False,,
32,18,valoracion,"Valoración inicial realizada. Se revisan síntomas, antecedentes y signos vitales.",2026-04-16 15:01:00+00:00,1197694986,2026-09-26 16:16:05.979555+00:00,,False,,
33,18,evolucion,Paciente con evolución clínica documentada durante el encuentro.,2026-04-16 13:10:00+00:00,1197694986,2026-09-26 16:16:05.979555+00:00,,False,,
34,19,valoracion,"Valoración inicial realizada. Se revisan síntomas, antecedentes y signos vitales.",2026-07-16 07:42:00+00:00,1006713773,2026-09-26 16:16:05.979555+00:00,,False,,
35,19,evolucion,Paciente con evolución clínica documentada durante el encuentro.,2026-07-16 08:04:00+00:00,1006713773,2026-09-26 16:16:05.979555+00:00,,False,,
36,20,valoracion,"Valoración inicial realizada. Se revisan síntomas, antecedentes y signos vitales.",2026-09-27 02:59:00+00:00,1059917677,2026-09-26 16:16:05.979555+00:00,,False,,
37,21,valoracion,"Valoración inicial realizada. Se revisan síntomas, antecedentes y signos vitales.",2026-06-25 17:51:00+00:00,1073827621,2026-09-26 16:16:05.979555+00:00,,False,,
38,21,evolucion,Paciente con evolución clínica documentada durante el encuentro.,2026-06-25 19:19:00+00:00,1073827621,2026-09-26 16:16:05.979555+00:00,,False,,
39,22,valoracion,"Valoración inicial realizada. Se revisan síntomas, antecedentes y signos vitales.",2026-07-09 09:19:00+00:00,1073827621,2026-09-26 16:16:05.979555+00:00,,False,,
40,22,evolucion,Paciente con evolución clínica documentada durante el encuentro.,2026-07-09 08:46:00+00:00,1073827621,2026-09-26 16:16:05.979555+00:00,,False,,
41,23,valoracion,"Valoración inicial realizada. Se revisan síntomas, antecedentes y signos vitales.",2026-03-17 03:31:00+00:00,1073827621,2026-09-26 16:16:05.979555+00:00,,False,,
42,23,evolucion,Paciente con evolución clínica documentada durante el encuentro.,2026-03-17 04:04:00+00:00,1073827621,2026-09-26 16:16:05.979555+00:00,,False,,
43,24,valoracion,"Valoración inicial realizada. Se revisan síntomas, antecedentes y signos vitales.",2026-05-05 01:35:00+00:00,1073827621,2026-09-26 16:16:05.979555+00:00,,False,,
44,24,evolucion,Paciente con evolución clínica documentada durante el encuentro.,2026-05-05 00:20:00+00:00,1073827621,2026-09-26 16:16:05.979555+00:00,,False,,
45,25,valoracion,"Valoración inicial realizada. Se revisan síntomas, antecedentes y signos vitales.",2026-02-27 01:17:00+00:00,1006713773,2026-09-26 16:16:05.979555+00:00,,False,,
46,25,evolucion,Paciente con evolución clínica documentada durante el encuentro.,2026-02-27 00:55:00+00:00,1006713773,2026-09-26 16:16:05.979555+00:00,,False,,
47,26,valoracion,"Valoración inicial realizada. Se revisan síntomas, antecedentes y signos vitales.",2026-04-05 04:58:00+00:00,1197694986,2026-09-26 16:16:05.979555+00:00,,False,,
48,26,evolucion,Paciente con evolución clínica documentada durante el encuentro.,2026-04-05 04:38:00+00:00,1197694986,2026-09-26 16:16:05.979555+00:00,,False,,
49,27,valoracion,"Valoración inicial realizada. Se revisan síntomas, antecedentes y signos vitales.",2026-05-29 04:23:00+00:00,1197694986,2026-09-26 16:16:05.979555+00:00,,False,,
50,27,evolucion,Paciente con evolución clínica documentada durante el encuentro.,2026-05-29 03:33:00+00:00,1197694986,2026-09-26 16:16:05.979555+00:00,,False,,
51,28,valoracion,"Valoración inicial realizada. Se revisan síntomas, antecedentes y signos vitales.",2026-02-09 21:54:00+00:00,1073827621,2026-09-26 16:16:05.979555+00:00,,False,,
52,28,evolucion,Paciente con evolución clínica documentada durante el encuentro.,2026-02-09 22:03:00+00:00,1073827621,2026-09-26 16:16:05.979555+00:00,,False,,
53,29,valoracion,"Valoración inicial realizada. Se revisan síntomas, antecedentes y signos vitales.",2026-05-11 15:37:00+00:00,1059917677,2026-09-26 16:16:05.979555+00:00,,False,,
54,29,evolucion,Paciente con evolución clínica documentada durante el encuentro.,2026-05-11 13:32:00+00:00,1059917677,2026-09-26 16:16:05.979555+00:00,,False,,
55,30,valoracion,"Valoración inicial realizada. Se revisan síntomas, antecedentes y signos vitales.",2026-08-20 02:38:00+00:00,1073827621,2026-09-26 16:16:05.979555+00:00,,False,,
56,30,evolucion,Paciente con evolución clínica documentada durante el encuentro.,2026-08-20 01:45:00+00:00,1073827621,2026-09-26 16:16:05.979555+00:00,,False,,
57,31,valoracion,"Valoración inicial realizada. Se revisan síntomas, antecedentes y signos vitales.",2026-04-11 04:43:00+00:00,1197694986,2026-09-26 16:16:05.979555+00:00,,False,,
58,31,evolucion,Paciente con evolución clínica documentada durante el encuentro.,2026-04-11 03:46:00+00:00,1197694986,2026-09-26 16:16:05.979555+00:00,,False,,
59,32,valoracion,"Valoración inicial realizada. Se revisan síntomas, antecedentes y signos vitales.",2026-05-08 18:55:00+00:00,1059917677,2026-09-26 16:16:05.979555+00:00,,False,,
60,32,evolucion,Paciente con evolución clínica documentada durante el encuentro.,2026-05-08 19:00:00+00:00,1059917677,2026-09-26 16:16:05.979555+00:00,,False,,
61,33,valoracion,"Valoración inicial realizada. Se revisan síntomas, antecedentes y signos vitales.",2026-08-15 06:17:00+00:00,1073827621,2026-09-26 16:16:05.979555+00:00,,False,,
62,34,valoracion,"Valoración inicial realizada. Se revisan síntomas, antecedentes y signos vitales.",2026-04-10 14:45:00+00:00,1059917677,2026-09-26 16:16:05.979555+00:00,,False,,
63,34,evolucion,Paciente con evolución clínica documentada durante el encuentro.,2026-04-10 13:04:00+00:00,1059917677,2026-09-26 16:16:05.979555+00:00,,False,,
64,35,valoracion,"Valoración inicial realizada. Se revisan síntomas, antecedentes y signos vitales.",2026-09-20 16:21:00+00:00,1006713773,2026-09-26 16:16:05.979555+00:00,,False,,
65,35,evolucion,Paciente con evolución clínica documentada durante el encuentro.,2026-09-20 16:09:00+00:00,1006713773,2026-09-26 16:16:05.979555+00:00,,False,,
66,36,valoracion,"Valoración inicial realizada. Se revisan síntomas, antecedentes y signos vitales.",2026-03-02 15:25:00+00:00,1197694986,2026-09-26 16:16:05.979555+00:00,,False,,
67,36,evolucion,Paciente con evolución clínica documentada durante el encuentro.,2026-03-02 16:18:00+00:00,1197694986,2026-09-26 16:16:05.979555+00:00,,False,,
68,37,valoracion,"Valoración inicial realizada. Se revisan síntomas, antecedentes y signos vitales.",2026-08-16 21:03:00+00:00,1006713773,2026-09-26 16:16:05.979555+00:00,,False,,
69,37,evolucion,Paciente con evolución clínica documentada durante el encuentro.,2026-08-16 21:45:00+00:00,1006713773,2026-09-26 16:16:05.979555+00:00,,False,,
70,38,valoracion,"Valoración inicial realizada. Se revisan síntomas, antecedentes y signos vitales.",2026-04-25 22:53:00+00:00,1006713773,2026-09-26 16:16:05.979555+00:00,,False,,
71,38,evolucion,Paciente con evolución clínica documentada durante el encuentro.,2026-04-26 00:10:00+00:00,1006713773,2026-09-26 16:16:05.979555+00:00,,False,,
72,39,valoracion,"Valoración inicial realizada. Se revisan síntomas, antecedentes y signos vitales.",2026-07-21 02:21:00+00:00,1073827621,2026-09-26 16:16:05.979555+00:00,,False,,
73,39,evolucion,Paciente con evolución clínica documentada durante el encuentro.,2026-07-21 02:39:00+00:00,1073827621,2026-09-26 16:16:05.979555+00:00,,False,,
74,40,valoracion,"Valoración inicial realizada. Se revisan síntomas, antecedentes y signos vitales.",2026-08-15 17:25:00+00:00,1059917677,2026-09-26 16:16:05.979555+00:00,,False,,
75,41,valoracion,"Valoración inicial realizada. Se revisan síntomas, antecedentes y signos vitales.",2026-04-10 02:56:00+00:00,1006713773,2026-09-26 16:16:05.979555+00:00,,False,,
76,41,evolucion,Paciente con evolución clínica documentada durante el encuentro.,2026-04-10 03:41:00+00:00,1006713773,2026-09-26 16:16:05.979555+00:00,,False,,
77,42,valoracion,"Valoración inicial realizada. Se revisan síntomas, antecedentes y signos vitales.",2026-05-23 22:00:00+00:00,1073827621,2026-09-26 16:16:05.979555+00:00,,False,,
78,42,evolucion,Paciente con evolución clínica documentada durante el encuentro.,2026-05-23 21:26:00+00:00,1073827621,2026-09-26 16:16:05.979555+00:00,,False,,
79,43,valoracion,"Valoración inicial realizada. Se revisan síntomas, antecedentes y signos vitales.",2026-05-23 19:45:00+00:00,1006713773,2026-09-26 16:16:05.979555+00:00,,False,,
80,43,evolucion,Paciente con evolución clínica documentada durante el encuentro.,2026-05-23 18:59:00+00:00,1006713773,2026-09-26 16:16:05.979555+00:00,,False,,
81,44,valoracion,"Valoración inicial realizada. Se revisan síntomas, antecedentes y signos vitales.",2026-08-04 21:51:00+00:00,1059917677,2026-09-26 16:16:05.979555+00:00,,False,,
82,44,evolucion,Paciente con evolución clínica documentada durante el encuentro.,2026-08-04 22:22:00+00:00,1059917677,2026-09-26 16:16:05.979555+00:00,,False,,
83,45,valoracion,"Valoración inicial realizada. Se revisan síntomas, antecedentes y signos vitales.",2026-08-18 04:13:00+00:00,1006713773,2026-09-26 16:16:05.979555+00:00,,False,,
84,45,evolucion,Paciente con evolución clínica documentada durante el encuentro.,2026-08-18 03:45:00+00:00,1006713773,2026-09-26 16:16:05.979555+00:00,,False,,
85,46,valoracion,"Valoración inicial realizada. Se revisan síntomas, antecedentes y signos vitales.",2026-03-11 19:55:00+00:00,1006713773,2026-09-26 16:16:05.979555+00:00,,False,,
86,46,evolucion,Paciente con evolución clínica documentada durante el encuentro.,2026-03-11 20:05:00+00:00,1006713773,2026-09-26 16:16:05.979555+00:00,,False,,
87,47,valoracion,"Valoración inicial realizada. Se revisan síntomas, antecedentes y signos vitales.",2026-06-12 03:11:00+00:00,1006713773,2026-09-26 16:16:05.979555+00:00,,False,,
88,48,valoracion,"Valoración inicial realizada. Se revisan síntomas, antecedentes y signos vitales.",2026-06-20 22:14:00+00:00,1073827621,2026-09-26 16:16:05.979555+00:00,,False,,
89,48,evolucion,Paciente con evolución clínica documentada durante el encuentro.,2026-06-20 21:23:00+00:00,1073827621,2026-09-26 16:16:05.979555+00:00,,False,,
90,49,valoracion,"Valoración inicial realizada. Se revisan síntomas, antecedentes y signos vitales.",2026-07-02 14:06:00+00:00,1073827621,2026-09-26 16:16:05.979555+00:00,,False,,
91,49,evolucion,Paciente con evolución clínica documentada durante el encuentro.,2026-07-02 13:38:00+00:00,1073827621,2026-09-26 16:16:05.979555+00:00,,False,,
92,50,valoracion,"Valoración inicial realizada. Se revisan síntomas, antecedentes y signos vitales.",2026-09-14 10:05:00+00:00,1197694986,2026-09-26 16:16:05.979555+00:00,,False,,
93,50,evolucion,Paciente con evolución clínica documentada durante el encuentro.,2026-09-14 08:10:00+00:00,1197694986,2026-09-26 16:16:05.979555+00:00,,False,,
94,51,valoracion,"Valoración inicial realizada. Se revisan síntomas, antecedentes y signos vitales.",2026-04-16 00:51:00+00:00,1197694986,2026-09-26 16:16:05.979555+00:00,,False,,
95,51,evolucion,Paciente con evolución clínica documentada durante el encuentro.,2026-04-15 23:10:00+00:00,1197694986,2026-09-26 16:16:05.979555+00:00,,False,,
96,52,valoracion,"Valoración inicial realizada. Se revisan síntomas, antecedentes y signos vitales.",2026-05-14 22:12:00+00:00,1197694986,2026-09-26 16:16:05.979555+00:00,,False,,
97,52,evolucion,Paciente con evolución clínica documentada durante el encuentro.,2026-05-14 21:21:00+00:00,1197694986,2026-09-26 16:16:05.979555+00:00,,False,,
98,53,valoracion,"Valoración inicial realizada. Se revisan síntomas, antecedentes y signos vitales.",2026-07-08 01:43:00+00:00,1197694986,2026-09-26 16:16:05.979555+00:00,,False,,
99,53,evolucion,Paciente con evolución clínica documentada durante el encuentro.,2026-07-08 02:11:00+00:00,1197694986,2026-09-26 16:16:05.979555+00:00,,False,,
100,54,valoracion,Valoración en urgencias por: Caída con dolor intenso y deformidad en muñeca derecha. Se solicita Radiografía de muñeca derecha para complementar la evaluación. Pendiente carga y revisión del estudio de imagen.,2026-09-29 01:36:00+00:00,1006713773,2026-09-29 02:08:00.935899+00:00,,False,,
101,55,valoracion,Valoración en urgencias por: Trauma de tobillo izquierdo con edema e incapacidad para apoyar. Se solicita Radiografía de tobillo izquierdo para complementar la evaluación. Pendiente carga y revisión del estudio de imagen.,2026-09-29 00:36:00+00:00,1073827621,2026-09-29 02:08:00.935899+00:00,,False,,
102,56,valoracion,Valoración en urgencias por: Golpe directo en tórax con dolor al respirar. Se solicita Radiografía de tórax para complementar la evaluación. Pendiente carga y revisión del estudio de imagen.,2026-09-28 23:36:00+00:00,1059917677,2026-09-29 02:08:00.935899+00:00,,False,,
103,57,valoracion,Valoración en urgencias por: Dolor y limitación funcional de hombro después de caída. Se solicita Radiografía de hombro derecho para complementar la evaluación. Pendiente carga y revisión del estudio de imagen.,2026-09-28 22:36:00+00:00,1197694986,2026-09-29 02:08:00.935899+00:00,,False,,
104,58,valoracion,"Valoración en urgencias por: Caída sobre rodilla con edema, dolor e imposibilidad para caminar. Se solicita Radiografía de rodilla izquierda para complementar la evaluación. Pendiente carga y revisión del estudio de imagen.",2026-09-28 21:36:00+00:00,1006713773,2026-09-29 02:08:00.935899+00:00,,False,,
105,59,valoracion,"Valoración en urgencias por: Dolor intenso en cadera después de caída, no puede ponerse de pie. Se solicita Radiografía de pelvis y cadera para complementar la evaluación. Pendiente carga y revisión del estudio de imagen.",2026-09-28 20:36:00+00:00,1073827621,2026-09-29 02:08:00.935899+00:00,,False,,
106,60,valoracion,Valoración en urgencias por: Golpe en mano derecha durante actividad deportiva con dolor en quinto dedo. Se solicita Radiografía de mano derecha para complementar la evaluación. Pendiente carga y revisión del estudio de imagen.,2026-09-28 19:36:00+00:00,1059917677,2026-09-29 02:08:00.935899+00:00,,False,,
107,61,valoracion,"Valoración en urgencias por: Fiebre, tos productiva y dificultad respiratoria. Se solicita Radiografía de tórax para complementar la evaluación. Pendiente carga y revisión del estudio de imagen.",2026-09-28 18:36:00+00:00,1197694986,2026-09-29 02:08:00.935899+00:00,,False,,
108,62,valoracion,"Valoración en urgencias por: Tos persistente, dolor torácico y disnea de esfuerzo. Se solicita Radiografía de tórax para complementar la evaluación. Pendiente carga y revisión del estudio de imagen.",2026-09-28 17:36:00+00:00,1006713773,2026-09-29 02:08:00.935899+00:00,,False,,
109,63,valoracion,Valoración en urgencias por: Caída desde altura baja con dolor lumbar intenso localizado. Se solicita Radiografía de columna lumbar para complementar la evaluación. Pendiente carga y revisión del estudio de imagen.,2026-09-28 16:36:00+00:00,1073827621,2026-09-29 02:08:00.935899+00:00,,False,,
