id_observacion,id_encuentro,tipo_observacion,codigo_loinc,nombre,valor_numerico,valor_texto,unidad,fecha_hora_observacion,registrado_por,created_at,updated_at,is_deleted,deleted_at,deleted_by
1,1,signo_vital,8310-5,Temperatura corporal,36.8000,,Cel,2026-02-13 07:21:00+00:00,1006713773,2026-09-26 16:15:25.236690+00:00,,False,,
2,1,signo_vital,8867-4,Frecuencia cardiaca,104.0000,,lpm,2026-02-13 07:21:00+00:00,1006713773,2026-09-26 16:15:25.236690+00:00,,False,,
3,1,signo_vital,9279-1,Frecuencia respiratoria,19.0000,,resp/min,2026-02-13 07:21:00+00:00,1006713773,2026-09-26 16:15:25.236690+00:00,,False,,
4,1,signo_vital,8480-6,Presión arterial sistólica,142.0000,,mmHg,2026-02-13 07:21:00+00:00,1006713773,2026-09-26 16:15:25.236690+00:00,,False,,
5,1,signo_vital,8462-4,Presión arterial diastólica,57.0000,,mmHg,2026-02-13 07:21:00+00:00,1006713773,2026-09-26 16:15:25.236690+00:00,,False,,
6,1,signo_vital,59408-5,Saturación de oxígeno,93.0000,,%,2026-02-13 07:21:00+00:00,1006713773,2026-09-26 16:15:25.236690+00:00,,False,,
7,2,signo_vital,8310-5,Temperatura corporal,37.7000,,Cel,2026-04-09 11:18:00+00:00,1059917677,2026-09-26 16:15:25.236690+00:00,,False,,
8,2,signo_vital,8867-4,Frecuencia cardiaca,103.0000,,lpm,2026-04-09 11:18:00+00:00,1059917677,2026-09-26 16:15:25.236690+00:00,,False,,
9,2,signo_vital,9279-1,Frecuencia respiratoria,24.0000,,resp/min,2026-04-09 11:18:00+00:00,1059917677,2026-09-26 16:15:25.236690+00:00,,False,,
10,2,signo_vital,8480-6,Presión arterial sistólica,109.0000,,mmHg,2026-04-09 11:18:00+00:00,1059917677,2026-09-26 16:15:25.236690+00:00,,False,,
11,2,signo_vital,8462-4,Presión arterial diastólica,86.0000,,mmHg,2026-04-09 11:18:00+00:00,1059917677,2026-09-26 16:15:25.236690+00:00,,False,,
12,2,signo_vital,59408-5,Saturación de oxígeno,88.0000,,%,2026-04-09 11:18:00+00:00,1059917677,2026-09-26 16:15:25.236690+00:00,,False,,
13,3,signo_vital,8310-5,Temperatura corporal,37.8000,,Cel,2026-08-08 12:01:00+00:00,1059917677,2026-09-26 16:15:25.236690+00:00,,False,,
14,3,signo_vital,8867-4,Frecuencia cardiaca,130.0000,,lpm,2026-08-08 12:01:00+00:00,1059917677,2026-09-26 16:15:25.236690+00:00,,False,,
15,3,signo_vital,9279-1,Frecuencia respiratoria,22.0000,,resp/min,2026-08-08 12:01:00+00:00,1059917677,2026-09-26 16:15:25.236690+00:00,,False,,
16,3,signo_vital,8480-6,Presión arterial sistólica,102.0000,,mmHg,2026-08-08 12:01:00+00:00,1059917677,2026-09-26 16:15:25.236690+00:00,,False,,
17,3,signo_vital,8462-4,Presión arterial diastólica,83.0000,,mmHg,2026-08-08 12:01:00+00:00,1059917677,2026-09-26 16:15:25.236690+00:00,,False,,
18,3,signo_vital,59408-5,Saturación de oxígeno,89.0000,,%,2026-08-08 12:01:00+00:00,1059917677,2026-09-26 16:15:25.236690+00:00,,False,,
19,4,signo_vital,8310-5,Temperatura corporal,39.2000,,Cel,2026-01-05 00:48:00+00:00,1073827621,2026-09-26 16:15:25.236690+00:00,,False,,
20,4,signo_vital,8867-4,Frecuencia cardiaca,56.0000,,lpm,2026-01-05 00:48:00+00:00,1073827621,2026-09-26 16:15:25.236690+00:00,,False,,
21,4,signo_vital,9279-1,Frecuencia respiratoria,16.0000,,resp/min,2026-01-05 00:48:00+00:00,1073827621,2026-09-26 16:15:25.236690+00:00,,False,,
22,4,signo_vital,8480-6,Presión arterial sistólica,142.0000,,mmHg,2026-01-05 00:48:00+00:00,1073827621,2026-09-26 16:15:25.236690+00:00,,False,,
23,4,signo_vital,8462-4,Presión arterial diastólica,96.0000,,mmHg,2026-01-05 00:48:00+00:00,1073827621,2026-09-26 16:15:25.236690+00:00,,False,,
24,4,signo_vital,59408-5,Saturación de oxígeno,90.0000,,%,2026-01-05 00:48:00+00:00,1073827621,2026-09-26 16:15:25.236690+00:00,,False,,
25,5,signo_vital,8310-5,Temperatura corporal,37.6000,,Cel,2026-06-24 15:34:00+00:00,1059917677,2026-09-26 16:15:25.236690+00:00,,False,,
26,5,signo_vital,8867-4,Frecuencia cardiaca,88.0000,,lpm,2026-06-24 15:34:00+00:00,1059917677,2026-09-26 16:15:25.236690+00:00,,False,,
27,5,signo_vital,9279-1,Frecuencia respiratoria,22.0000,,resp/min,2026-06-24 15:34:00+00:00,1059917677,2026-09-26 16:15:25.236690+00:00,,False,,
28,5,signo_vital,8480-6,Presión arterial sistólica,140.0000,,mmHg,2026-06-24 15:34:00+00:00,1059917677,2026-09-26 16:15:25.236690+00:00,,False,,
29,5,signo_vital,8462-4,Presión arterial diastólica,96.0000,,mmHg,2026-06-24 15:34:00+00:00,1059917677,2026-09-26 16:15:25.236690+00:00,,False,,
30,5,signo_vital,59408-5,Saturación de oxígeno,89.0000,,%,2026-06-24 15:34:00+00:00,1059917677,2026-09-26 16:15:25.236690+00:00,,False,,
31,6,signo_vital,8310-5,Temperatura corporal,39.0000,,Cel,2026-02-24 14:47:00+00:00,1073827621,2026-09-26 16:15:25.236690+00:00,,False,,
32,6,signo_vital,8867-4,Frecuencia cardiaca,123.0000,,lpm,2026-02-24 14:47:00+00:00,1073827621,2026-09-26 16:15:25.236690+00:00,,False,,
33,6,signo_vital,9279-1,Frecuencia respiratoria,24.0000,,resp/min,2026-02-24 14:47:00+00:00,1073827621,2026-09-26 16:15:25.236690+00:00,,False,,
34,6,signo_vital,8480-6,Presión arterial sistólica,130.0000,,mmHg,2026-02-24 14:47:00+00:00,1073827621,2026-09-26 16:15:25.236690+00:00,,False,,
35,6,signo_vital,8462-4,Presión arterial diastólica,95.0000,,mmHg,2026-02-24 14:47:00+00:00,1073827621,2026-09-26 16:15:25.236690+00:00,,False,,
36,6,signo_vital,59408-5,Saturación de oxígeno,99.0000,,%,2026-02-24 14:47:00+00:00,1073827621,2026-09-26 16:15:25.236690+00:00,,False,,
37,7,signo_vital,8310-5,Temperatura corporal,37.7000,,Cel,2026-05-22 18:49:00+00:00,1197694986,2026-09-26 16:15:25.236690+00:00,,False,,
38,7,signo_vital,8867-4,Frecuencia cardiaca,124.0000,,lpm,2026-05-22 18:49:00+00:00,1197694986,2026-09-26 16:15:25.236690+00:00,,False,,
39,7,signo_vital,9279-1,Frecuencia respiratoria,13.0000,,resp/min,2026-05-22 18:49:00+00:00,1197694986,2026-09-26 16:15:25.236690+00:00,,False,,
40,7,signo_vital,8480-6,Presión arterial sistólica,98.0000,,mmHg,2026-05-22 18:49:00+00:00,1197694986,2026-09-26 16:15:25.236690+00:00,,False,,
41,7,signo_vital,8462-4,Presión arterial diastólica,70.0000,,mmHg,2026-05-22 18:49:00+00:00,1197694986,2026-09-26 16:15:25.236690+00:00,,False,,
42,7,signo_vital,59408-5,Saturación de oxígeno,98.0000,,%,2026-05-22 18:49:00+00:00,1197694986,2026-09-26 16:15:25.236690+00:00,,False,,
43,8,signo_vital,8310-5,Temperatura corporal,39.2000,,Cel,2026-06-20 16:08:00+00:00,1197694986,2026-09-26 16:15:25.236690+00:00,,False,,
44,8,signo_vital,8867-4,Frecuencia cardiaca,84.0000,,lpm,2026-06-20 16:08:00+00:00,1197694986,2026-09-26 16:15:25.236690+00:00,,False,,
45,8,signo_vital,9279-1,Frecuencia respiratoria,14.0000,,resp/min,2026-06-20 16:08:00+00:00,1197694986,2026-09-26 16:15:25.236690+00:00,,False,,
46,8,signo_vital,8480-6,Presión arterial sistólica,145.0000,,mmHg,2026-06-20 16:08:00+00:00,1197694986,2026-09-26 16:15:25.236690+00:00,,False,,
47,8,signo_vital,8462-4,Presión arterial diastólica,61.0000,,mmHg,2026-06-20 16:08:00+00:00,1197694986,2026-09-26 16:15:25.236690+00:00,,False,,
48,8,signo_vital,59408-5,Saturación de oxígeno,100.0000,,%,2026-06-20 16:08:00+00:00,1197694986,2026-09-26 16:15:25.236690+00:00,,False,,
49,9,signo_vital,8310-5,Temperatura corporal,38.5000,,Cel,2026-03-22 07:43:00+00:00,1073827621,2026-09-26 16:15:25.236690+00:00,,False,,
50,9,signo_vital,8867-4,Frecuencia cardiaca,67.0000,,lpm,2026-03-22 07:43:00+00:00,1073827621,2026-09-26 16:15:25.236690+00:00,,False,,
51,9,signo_vital,9279-1,Frecuencia respiratoria,26.0000,,resp/min,2026-03-22 07:43:00+00:00,1073827621,2026-09-26 16:15:25.236690+00:00,,False,,
52,9,signo_vital,8480-6,Presión arterial sistólica,111.0000,,mmHg,2026-03-22 07:43:00+00:00,1073827621,2026-09-26 16:15:25.236690+00:00,,False,,
53,9,signo_vital,8462-4,Presión arterial diastólica,99.0000,,mmHg,2026-03-22 07:43:00+00:00,1073827621,2026-09-26 16:15:25.236690+00:00,,False,,
54,9,signo_vital,59408-5,Saturación de oxígeno,92.0000,,%,2026-03-22 07:43:00+00:00,1073827621,2026-09-26 16:15:25.236690+00:00,,False,,
55,10,signo_vital,8310-5,Temperatura corporal,36.2000,,Cel,2026-04-17 20:55:00+00:00,1197694986,2026-09-26 16:15:25.236690+00:00,,False,,
56,10,signo_vital,8867-4,Frecuencia cardiaca,62.0000,,lpm,2026-04-17 20:55:00+00:00,1197694986,2026-09-26 16:15:25.236690+00:00,,False,,
57,10,signo_vital,9279-1,Frecuencia respiratoria,21.0000,,resp/min,2026-04-17 20:55:00+00:00,1197694986,2026-09-26 16:15:25.236690+00:00,,False,,
58,10,signo_vital,8480-6,Presión arterial sistólica,135.0000,,mmHg,2026-04-17 20:55:00+00:00,1197694986,2026-09-26 16:15:25.236690+00:00,,False,,
59,10,signo_vital,8462-4,Presión arterial diastólica,78.0000,,mmHg,2026-04-17 20:55:00+00:00,1197694986,2026-09-26 16:15:25.236690+00:00,,False,,
60,10,signo_vital,59408-5,Saturación de oxígeno,94.0000,,%,2026-04-17 20:55:00+00:00,1197694986,2026-09-26 16:15:25.236690+00:00,,False,,
61,11,signo_vital,8310-5,Temperatura corporal,36.9000,,Cel,2026-09-23 01:48:00+00:00,1073827621,2026-09-26 16:15:25.236690+00:00,,False,,
62,11,signo_vital,8867-4,Frecuencia cardiaca,107.0000,,lpm,2026-09-23 01:48:00+00:00,1073827621,2026-09-26 16:15:25.236690+00:00,,False,,
63,11,signo_vital,9279-1,Frecuencia respiratoria,17.0000,,resp/min,2026-09-23 01:48:00+00:00,1073827621,2026-09-26 16:15:25.236690+00:00,,False,,
64,11,signo_vital,8480-6,Presión arterial sistólica,111.0000,,mmHg,2026-09-23 01:48:00+00:00,1073827621,2026-09-26 16:15:25.236690+00:00,,False,,
65,11,signo_vital,8462-4,Presión arterial diastólica,66.0000,,mmHg,2026-09-23 01:48:00+00:00,1073827621,2026-09-26 16:15:25.236690+00:00,,False,,
66,11,signo_vital,59408-5,Saturación de oxígeno,89.0000,,%,2026-09-23 01:48:00+00:00,1073827621,2026-09-26 16:15:25.236690+00:00,,False,,
67,12,signo_vital,8310-5,Temperatura corporal,39.0000,,Cel,2026-07-08 11:15:00+00:00,1006713773,2026-09-26 16:15:25.236690+00:00,,False,,
68,12,signo_vital,8867-4,Frecuencia cardiaca,85.0000,,lpm,2026-07-08 11:15:00+00:00,1006713773,2026-09-26 16:15:25.236690+00:00,,False,,
69,12,signo_vital,9279-1,Frecuencia respiratoria,27.0000,,resp/min,2026-07-08 11:15:00+00:00,1006713773,2026-09-26 16:15:25.236690+00:00,,False,,
70,12,signo_vital,8480-6,Presión arterial sistólica,108.0000,,mmHg,2026-07-08 11:15:00+00:00,1006713773,2026-09-26 16:15:25.236690+00:00,,False,,
71,12,signo_vital,8462-4,Presión arterial diastólica,69.0000,,mmHg,2026-07-08 11:15:00+00:00,1006713773,2026-09-26 16:15:25.236690+00:00,,False,,
72,12,signo_vital,59408-5,Saturación de oxígeno,95.0000,,%,2026-07-08 11:15:00+00:00,1006713773,2026-09-26 16:15:25.236690+00:00,,False,,
73,13,signo_vital,8310-5,Temperatura corporal,36.9000,,Cel,2026-08-21 05:22:00+00:00,1073827621,2026-09-26 16:15:25.236690+00:00,,False,,
74,13,signo_vital,8867-4,Frecuencia cardiaca,87.0000,,lpm,2026-08-21 05:22:00+00:00,1073827621,2026-09-26 16:15:25.236690+00:00,,False,,
75,13,signo_vital,9279-1,Frecuencia respiratoria,12.0000,,resp/min,2026-08-21 05:22:00+00:00,1073827621,2026-09-26 16:15:25.236690+00:00,,False,,
76,13,signo_vital,8480-6,Presión arterial sistólica,149.0000,,mmHg,2026-08-21 05:22:00+00:00,1073827621,2026-09-26 16:15:25.236690+00:00,,False,,
77,13,signo_vital,8462-4,Presión arterial diastólica,73.0000,,mmHg,2026-08-21 05:22:00+00:00,1073827621,2026-09-26 16:15:25.236690+00:00,,False,,
78,13,signo_vital,59408-5,Saturación de oxígeno,98.0000,,%,2026-08-21 05:22:00+00:00,1073827621,2026-09-26 16:15:25.236690+00:00,,False,,
79,14,signo_vital,8310-5,Temperatura corporal,36.6000,,Cel,2026-09-19 00:42:00+00:00,1197694986,2026-09-26 16:15:25.236690+00:00,,False,,
80,14,signo_vital,8867-4,Frecuencia cardiaca,111.0000,,lpm,2026-09-19 00:42:00+00:00,1197694986,2026-09-26 16:15:25.236690+00:00,,False,,
81,14,signo_vital,9279-1,Frecuencia respiratoria,23.0000,,resp/min,2026-09-19 00:42:00+00:00,1197694986,2026-09-26 16:15:25.236690+00:00,,False,,
82,14,signo_vital,8480-6,Presión arterial sistólica,128.0000,,mmHg,2026-09-19 00:42:00+00:00,1197694986,2026-09-26 16:15:25.236690+00:00,,False,,
83,14,signo_vital,8462-4,Presión arterial diastólica,95.0000,,mmHg,2026-09-19 00:42:00+00:00,1197694986,2026-09-26 16:15:25.236690+00:00,,False,,
84,14,signo_vital,59408-5,Saturación de oxígeno,94.0000,,%,2026-09-19 00:42:00+00:00,1197694986,2026-09-26 16:15:25.236690+00:00,,False,,
85,15,signo_vital,8310-5,Temperatura corporal,36.9000,,Cel,2026-04-09 15:47:00+00:00,1197694986,2026-09-26 16:15:25.236690+00:00,,False,,
86,15,signo_vital,8867-4,Frecuencia cardiaca,93.0000,,lpm,2026-04-09 15:47:00+00:00,1197694986,2026-09-26 16:15:25.236690+00:00,,False,,
87,15,signo_vital,9279-1,Frecuencia respiratoria,18.0000,,resp/min,2026-04-09 15:47:00+00:00,1197694986,2026-09-26 16:15:25.236690+00:00,,False,,
88,15,signo_vital,8480-6,Presión arterial sistólica,139.0000,,mmHg,2026-04-09 15:47:00+00:00,1197694986,2026-09-26 16:15:25.236690+00:00,,False,,
89,15,signo_vital,8462-4,Presión arterial diastólica,85.0000,,mmHg,2026-04-09 15:47:00+00:00,1197694986,2026-09-26 16:15:25.236690+00:00,,False,,
90,15,signo_vital,59408-5,Saturación de oxígeno,89.0000,,%,2026-04-09 15:47:00+00:00,1197694986,2026-09-26 16:15:25.236690+00:00,,False,,
91,16,signo_vital,8310-5,Temperatura corporal,37.3000,,Cel,2026-08-04 03:30:00+00:00,1197694986,2026-09-26 16:15:25.236690+00:00,,False,,
92,16,signo_vital,8867-4,Frecuencia cardiaca,100.0000,,lpm,2026-08-04 03:30:00+00:00,1197694986,2026-09-26 16:15:25.236690+00:00,,False,,
93,16,signo_vital,9279-1,Frecuencia respiratoria,21.0000,,resp/min,2026-08-04 03:30:00+00:00,1197694986,2026-09-26 16:15:25.236690+00:00,,False,,
94,16,signo_vital,8480-6,Presión arterial sistólica,127.0000,,mmHg,2026-08-04 03:30:00+00:00,1197694986,2026-09-26 16:15:25.236690+00:00,,False,,
95,16,signo_vital,8462-4,Presión arterial diastólica,56.0000,,mmHg,2026-08-04 03:30:00+00:00,1197694986,2026-09-26 16:15:25.236690+00:00,,False,,
96,16,signo_vital,59408-5,Saturación de oxígeno,98.0000,,%,2026-08-04 03:30:00+00:00,1197694986,2026-09-26 16:15:25.236690+00:00,,False,,
97,17,signo_vital,8310-5,Temperatura corporal,37.0000,,Cel,2026-07-14 00:01:00+00:00,1059917677,2026-09-26 16:15:25.236690+00:00,,False,,
98,17,signo_vital,8867-4,Frecuencia cardiaca,127.0000,,lpm,2026-07-14 00:01:00+00:00,1059917677,2026-09-26 16:15:25.236690+00:00,,False,,
99,17,signo_vital,9279-1,Frecuencia respiratoria,13.0000,,resp/min,2026-07-14 00:01:00+00:00,1059917677,2026-09-26 16:15:25.236690+00:00,,False,,
100,17,signo_vital,8480-6,Presión arterial sistólica,153.0000,,mmHg,2026-07-14 00:01:00+00:00,1059917677,2026-09-26 16:15:25.236690+00:00,,False,,
101,17,signo_vital,8462-4,Presión arterial diastólica,73.0000,,mmHg,2026-07-14 00:01:00+00:00,1059917677,2026-09-26 16:15:25.236690+00:00,,False,,
102,17,signo_vital,59408-5,Saturación de oxígeno,100.0000,,%,2026-07-14 00:01:00+00:00,1059917677,2026-09-26 16:15:25.236690+00:00,,False,,
103,18,signo_vital,8310-5,Temperatura corporal,36.8000,,Cel,2026-04-16 12:47:00+00:00,1197694986,2026-09-26 16:15:25.236690+00:00,,False,,
104,18,signo_vital,8867-4,Frecuencia cardiaca,100.0000,,lpm,2026-04-16 12:47:00+00:00,1197694986,2026-09-26 16:15:25.236690+00:00,,False,,
105,18,signo_vital,9279-1,Frecuencia respiratoria,19.0000,,resp/min,2026-04-16 12:47:00+00:00,1197694986,2026-09-26 16:15:25.236690+00:00,,False,,
106,18,signo_vital,8480-6,Presión arterial sistólica,114.0000,,mmHg,2026-04-16 12:47:00+00:00,1197694986,2026-09-26 16:15:25.236690+00:00,,False,,
107,18,signo_vital,8462-4,Presión arterial diastólica,94.0000,,mmHg,2026-04-16 12:47:00+00:00,1197694986,2026-09-26 16:15:25.236690+00:00,,False,,
108,18,signo_vital,59408-5,Saturación de oxígeno,92.0000,,%,2026-04-16 12:47:00+00:00,1197694986,2026-09-26 16:15:25.236690+00:00,,False,,
109,19,signo_vital,8310-5,Temperatura corporal,38.6000,,Cel,2026-07-16 05:50:00+00:00,1006713773,2026-09-26 16:15:25.236690+00:00,,False,,
110,19,signo_vital,8867-4,Frecuencia cardiaca,72.0000,,lpm,2026-07-16 05:50:00+00:00,1006713773,2026-09-26 16:15:25.236690+00:00,,False,,
111,19,signo_vital,9279-1,Frecuencia respiratoria,15.0000,,resp/min,2026-07-16 05:50:00+00:00,1006713773,2026-09-26 16:15:25.236690+00:00,,False,,
112,19,signo_vital,8480-6,Presión arterial sistólica,95.0000,,mmHg,2026-07-16 05:50:00+00:00,1006713773,2026-09-26 16:15:25.236690+00:00,,False,,
113,19,signo_vital,8462-4,Presión arterial diastólica,74.0000,,mmHg,2026-07-16 05:50:00+00:00,1006713773,2026-09-26 16:15:25.236690+00:00,,False,,
114,19,signo_vital,59408-5,Saturación de oxígeno,100.0000,,%,2026-07-16 05:50:00+00:00,1006713773,2026-09-26 16:15:25.236690+00:00,,False,,
115,20,signo_vital,8310-5,Temperatura corporal,36.1000,,Cel,2026-09-27 01:16:00+00:00,1059917677,2026-09-26 16:15:25.236690+00:00,,False,,
116,20,signo_vital,8867-4,Frecuencia cardiaca,101.0000,,lpm,2026-09-27 01:16:00+00:00,1059917677,2026-09-26 16:15:25.236690+00:00,,False,,
117,20,signo_vital,9279-1,Frecuencia respiratoria,16.0000,,resp/min,2026-09-27 01:16:00+00:00,1059917677,2026-09-26 16:15:25.236690+00:00,,False,,
118,20,signo_vital,8480-6,Presión arterial sistólica,101.0000,,mmHg,2026-09-27 01:16:00+00:00,1059917677,2026-09-26 16:15:25.236690+00:00,,False,,
119,20,signo_vital,8462-4,Presión arterial diastólica,73.0000,,mmHg,2026-09-27 01:16:00+00:00,1059917677,2026-09-26 16:15:25.236690+00:00,,False,,
120,20,signo_vital,59408-5,Saturación de oxígeno,93.0000,,%,2026-09-27 01:16:00+00:00,1059917677,2026-09-26 16:15:25.236690+00:00,,False,,
121,21,signo_vital,8310-5,Temperatura corporal,37.5000,,Cel,2026-06-25 17:45:00+00:00,1073827621,2026-09-26 16:15:25.236690+00:00,,False,,
122,21,signo_vital,8867-4,Frecuencia cardiaca,80.0000,,lpm,2026-06-25 17:45:00+00:00,1073827621,2026-09-26 16:15:25.236690+00:00,,False,,
123,21,signo_vital,9279-1,Frecuencia respiratoria,16.0000,,resp/min,2026-06-25 17:45:00+00:00,1073827621,2026-09-26 16:15:25.236690+00:00,,False,,
124,21,signo_vital,8480-6,Presión arterial sistólica,159.0000,,mmHg,2026-06-25 17:45:00+00:00,1073827621,2026-09-26 16:15:25.236690+00:00,,False,,
125,21,signo_vital,8462-4,Presión arterial diastólica,78.0000,,mmHg,2026-06-25 17:45:00+00:00,1073827621,2026-09-26 16:15:25.236690+00:00,,False,,
126,21,signo_vital,59408-5,Saturación de oxígeno,96.0000,,%,2026-06-25 17:45:00+00:00,1073827621,2026-09-26 16:15:25.236690+00:00,,False,,
127,22,signo_vital,8310-5,Temperatura corporal,39.2000,,Cel,2026-07-09 07:51:00+00:00,1073827621,2026-09-26 16:15:25.236690+00:00,,False,,
128,22,signo_vital,8867-4,Frecuencia cardiaca,76.0000,,lpm,2026-07-09 07:51:00+00:00,1073827621,2026-09-26 16:15:25.236690+00:00,,False,,
129,22,signo_vital,9279-1,Frecuencia respiratoria,20.0000,,resp/min,2026-07-09 07:51:00+00:00,1073827621,2026-09-26 16:15:25.236690+00:00,,False,,
130,22,signo_vital,8480-6,Presión arterial sistólica,151.0000,,mmHg,2026-07-09 07:51:00+00:00,1073827621,2026-09-26 16:15:25.236690+00:00,,False,,
131,22,signo_vital,8462-4,Presión arterial diastólica,73.0000,,mmHg,2026-07-09 07:51:00+00:00,1073827621,2026-09-26 16:15:25.236690+00:00,,False,,
132,22,signo_vital,59408-5,Saturación de oxígeno,99.0000,,%,2026-07-09 07:51:00+00:00,1073827621,2026-09-26 16:15:25.236690+00:00,,False,,
133,23,signo_vital,8310-5,Temperatura corporal,38.8000,,Cel,2026-03-17 02:22:00+00:00,1073827621,2026-09-26 16:15:25.236690+00:00,,False,,
134,23,signo_vital,8867-4,Frecuencia cardiaca,114.0000,,lpm,2026-03-17 02:22:00+00:00,1073827621,2026-09-26 16:15:25.236690+00:00,,False,,
135,23,signo_vital,9279-1,Frecuencia respiratoria,14.0000,,resp/min,2026-03-17 02:22:00+00:00,1073827621,2026-09-26 16:15:25.236690+00:00,,False,,
136,23,signo_vital,8480-6,Presión arterial sistólica,108.0000,,mmHg,2026-03-17 02:22:00+00:00,1073827621,2026-09-26 16:15:25.236690+00:00,,False,,
137,23,signo_vital,8462-4,Presión arterial diastólica,69.0000,,mmHg,2026-03-17 02:22:00+00:00,1073827621,2026-09-26 16:15:25.236690+00:00,,False,,
138,23,signo_vital,59408-5,Saturación de oxígeno,98.0000,,%,2026-03-17 02:22:00+00:00,1073827621,2026-09-26 16:15:25.236690+00:00,,False,,
139,24,signo_vital,8310-5,Temperatura corporal,38.4000,,Cel,2026-05-04 23:29:00+00:00,1073827621,2026-09-26 16:15:25.236690+00:00,,False,,
140,24,signo_vital,8867-4,Frecuencia cardiaca,105.0000,,lpm,2026-05-04 23:29:00+00:00,1073827621,2026-09-26 16:15:25.236690+00:00,,False,,
141,24,signo_vital,9279-1,Frecuencia respiratoria,23.0000,,resp/min,2026-05-04 23:29:00+00:00,1073827621,2026-09-26 16:15:25.236690+00:00,,False,,
142,24,signo_vital,8480-6,Presión arterial sistólica,101.0000,,mmHg,2026-05-04 23:29:00+00:00,1073827621,2026-09-26 16:15:25.236690+00:00,,False,,
143,24,signo_vital,8462-4,Presión arterial diastólica,80.0000,,mmHg,2026-05-04 23:29:00+00:00,1073827621,2026-09-26 16:15:25.236690+00:00,,False,,
144,24,signo_vital,59408-5,Saturación de oxígeno,88.0000,,%,2026-05-04 23:29:00+00:00,1073827621,2026-09-26 16:15:25.236690+00:00,,False,,
145,25,signo_vital,8310-5,Temperatura corporal,37.9000,,Cel,2026-02-27 00:03:00+00:00,1006713773,2026-09-26 16:15:25.236690+00:00,,False,,
146,25,signo_vital,8867-4,Frecuencia cardiaca,113.0000,,lpm,2026-02-27 00:03:00+00:00,1006713773,2026-09-26 16:15:25.236690+00:00,,False,,
147,25,signo_vital,9279-1,Frecuencia respiratoria,23.0000,,resp/min,2026-02-27 00:03:00+00:00,1006713773,2026-09-26 16:15:25.236690+00:00,,False,,
148,25,signo_vital,8480-6,Presión arterial sistólica,123.0000,,mmHg,2026-02-27 00:03:00+00:00,1006713773,2026-09-26 16:15:25.236690+00:00,,False,,
149,25,signo_vital,8462-4,Presión arterial diastólica,92.0000,,mmHg,2026-02-27 00:03:00+00:00,1006713773,2026-09-26 16:15:25.236690+00:00,,False,,
150,25,signo_vital,59408-5,Saturación de oxígeno,94.0000,,%,2026-02-27 00:03:00+00:00,1006713773,2026-09-26 16:15:25.236690+00:00,,False,,
151,26,signo_vital,8310-5,Temperatura corporal,39.3000,,Cel,2026-04-05 04:14:00+00:00,1197694986,2026-09-26 16:15:25.236690+00:00,,False,,
152,26,signo_vital,8867-4,Frecuencia cardiaca,68.0000,,lpm,2026-04-05 04:14:00+00:00,1197694986,2026-09-26 16:15:25.236690+00:00,,False,,
153,26,signo_vital,9279-1,Frecuencia respiratoria,19.0000,,resp/min,2026-04-05 04:14:00+00:00,1197694986,2026-09-26 16:15:25.236690+00:00,,False,,
154,26,signo_vital,8480-6,Presión arterial sistólica,150.0000,,mmHg,2026-04-05 04:14:00+00:00,1197694986,2026-09-26 16:15:25.236690+00:00,,False,,
155,26,signo_vital,8462-4,Presión arterial diastólica,56.0000,,mmHg,2026-04-05 04:14:00+00:00,1197694986,2026-09-26 16:15:25.236690+00:00,,False,,
156,26,signo_vital,59408-5,Saturación de oxígeno,97.0000,,%,2026-04-05 04:14:00+00:00,1197694986,2026-09-26 16:15:25.236690+00:00,,False,,
157,27,signo_vital,8310-5,Temperatura corporal,37.1000,,Cel,2026-05-29 03:00:00+00:00,1197694986,2026-09-26 16:15:25.236690+00:00,,False,,
158,27,signo_vital,8867-4,Frecuencia cardiaca,83.0000,,lpm,2026-05-29 03:00:00+00:00,1197694986,2026-09-26 16:15:25.236690+00:00,,False,,
159,27,signo_vital,9279-1,Frecuencia respiratoria,14.0000,,resp/min,2026-05-29 03:00:00+00:00,1197694986,2026-09-26 16:15:25.236690+00:00,,False,,
160,27,signo_vital,8480-6,Presión arterial sistólica,149.0000,,mmHg,2026-05-29 03:00:00+00:00,1197694986,2026-09-26 16:15:25.236690+00:00,,False,,
161,27,signo_vital,8462-4,Presión arterial diastólica,99.0000,,mmHg,2026-05-29 03:00:00+00:00,1197694986,2026-09-26 16:15:25.236690+00:00,,False,,
162,27,signo_vital,59408-5,Saturación de oxígeno,92.0000,,%,2026-05-29 03:00:00+00:00,1197694986,2026-09-26 16:15:25.236690+00:00,,False,,
163,28,signo_vital,8310-5,Temperatura corporal,37.4000,,Cel,2026-02-09 19:40:00+00:00,1073827621,2026-09-26 16:15:25.236690+00:00,,False,,
164,28,signo_vital,8867-4,Frecuencia cardiaca,72.0000,,lpm,2026-02-09 19:40:00+00:00,1073827621,2026-09-26 16:15:25.236690+00:00,,False,,
165,28,signo_vital,9279-1,Frecuencia respiratoria,13.0000,,resp/min,2026-02-09 19:40:00+00:00,1073827621,2026-09-26 16:15:25.236690+00:00,,False,,
166,28,signo_vital,8480-6,Presión arterial sistólica,94.0000,,mmHg,2026-02-09 19:40:00+00:00,1073827621,2026-09-26 16:15:25.236690+00:00,,False,,
167,28,signo_vital,8462-4,Presión arterial diastólica,74.0000,,mmHg,2026-02-09 19:40:00+00:00,1073827621,2026-09-26 16:15:25.236690+00:00,,False,,
168,28,signo_vital,59408-5,Saturación de oxígeno,95.0000,,%,2026-02-09 19:40:00+00:00,1073827621,2026-09-26 16:15:25.236690+00:00,,False,,
169,29,signo_vital,8310-5,Temperatura corporal,36.3000,,Cel,2026-05-11 13:01:00+00:00,1059917677,2026-09-26 16:15:25.236690+00:00,,False,,
170,29,signo_vital,8867-4,Frecuencia cardiaca,123.0000,,lpm,2026-05-11 13:01:00+00:00,1059917677,2026-09-26 16:15:25.236690+00:00,,False,,
171,29,signo_vital,9279-1,Frecuencia respiratoria,16.0000,,resp/min,2026-05-11 13:01:00+00:00,1059917677,2026-09-26 16:15:25.236690+00:00,,False,,
172,29,signo_vital,8480-6,Presión arterial sistólica,139.0000,,mmHg,2026-05-11 13:01:00+00:00,1059917677,2026-09-26 16:15:25.236690+00:00,,False,,
173,29,signo_vital,8462-4,Presión arterial diastólica,84.0000,,mmHg,2026-05-11 13:01:00+00:00,1059917677,2026-09-26 16:15:25.236690+00:00,,False,,
174,29,signo_vital,59408-5,Saturación de oxígeno,93.0000,,%,2026-05-11 13:01:00+00:00,1059917677,2026-09-26 16:15:25.236690+00:00,,False,,
175,30,signo_vital,8310-5,Temperatura corporal,39.3000,,Cel,2026-08-20 01:08:00+00:00,1073827621,2026-09-26 16:15:25.236690+00:00,,False,,
176,30,signo_vital,8867-4,Frecuencia cardiaca,124.0000,,lpm,2026-08-20 01:08:00+00:00,1073827621,2026-09-26 16:15:25.236690+00:00,,False,,
177,30,signo_vital,9279-1,Frecuencia respiratoria,25.0000,,resp/min,2026-08-20 01:08:00+00:00,1073827621,2026-09-26 16:15:25.236690+00:00,,False,,
178,30,signo_vital,8480-6,Presión arterial sistólica,109.0000,,mmHg,2026-08-20 01:08:00+00:00,1073827621,2026-09-26 16:15:25.236690+00:00,,False,,
179,30,signo_vital,8462-4,Presión arterial diastólica,81.0000,,mmHg,2026-08-20 01:08:00+00:00,1073827621,2026-09-26 16:15:25.236690+00:00,,False,,
180,30,signo_vital,59408-5,Saturación de oxígeno,98.0000,,%,2026-08-20 01:08:00+00:00,1073827621,2026-09-26 16:15:25.236690+00:00,,False,,
181,31,signo_vital,8310-5,Temperatura corporal,38.9000,,Cel,2026-04-11 02:45:00+00:00,1197694986,2026-09-26 16:15:25.236690+00:00,,False,,
182,31,signo_vital,8867-4,Frecuencia cardiaca,107.0000,,lpm,2026-04-11 02:45:00+00:00,1197694986,2026-09-26 16:15:25.236690+00:00,,False,,
183,31,signo_vital,9279-1,Frecuencia respiratoria,20.0000,,resp/min,2026-04-11 02:45:00+00:00,1197694986,2026-09-26 16:15:25.236690+00:00,,False,,
184,31,signo_vital,8480-6,Presión arterial sistólica,94.0000,,mmHg,2026-04-11 02:45:00+00:00,1197694986,2026-09-26 16:15:25.236690+00:00,,False,,
185,31,signo_vital,8462-4,Presión arterial diastólica,99.0000,,mmHg,2026-04-11 02:45:00+00:00,1197694986,2026-09-26 16:15:25.236690+00:00,,False,,
186,31,signo_vital,59408-5,Saturación de oxígeno,93.0000,,%,2026-04-11 02:45:00+00:00,1197694986,2026-09-26 16:15:25.236690+00:00,,False,,
187,32,signo_vital,8310-5,Temperatura corporal,37.6000,,Cel,2026-05-08 17:55:00+00:00,1059917677,2026-09-26 16:15:25.236690+00:00,,False,,
188,32,signo_vital,8867-4,Frecuencia cardiaca,85.0000,,lpm,2026-05-08 17:55:00+00:00,1059917677,2026-09-26 16:15:25.236690+00:00,,False,,
189,32,signo_vital,9279-1,Frecuencia respiratoria,23.0000,,resp/min,2026-05-08 17:55:00+00:00,1059917677,2026-09-26 16:15:25.236690+00:00,,False,,
190,32,signo_vital,8480-6,Presión arterial sistólica,102.0000,,mmHg,2026-05-08 17:55:00+00:00,1059917677,2026-09-26 16:15:25.236690+00:00,,False,,
191,32,signo_vital,8462-4,Presión arterial diastólica,98.0000,,mmHg,2026-05-08 17:55:00+00:00,1059917677,2026-09-26 16:15:25.236690+00:00,,False,,
192,32,signo_vital,59408-5,Saturación de oxígeno,93.0000,,%,2026-05-08 17:55:00+00:00,1059917677,2026-09-26 16:15:25.236690+00:00,,False,,
193,33,signo_vital,8310-5,Temperatura corporal,39.2000,,Cel,2026-08-15 05:27:00+00:00,1073827621,2026-09-26 16:15:25.236690+00:00,,False,,
194,33,signo_vital,8867-4,Frecuencia cardiaca,100.0000,,lpm,2026-08-15 05:27:00+00:00,1073827621,2026-09-26 16:15:25.236690+00:00,,False,,
195,33,signo_vital,9279-1,Frecuencia respiratoria,13.0000,,resp/min,2026-08-15 05:27:00+00:00,1073827621,2026-09-26 16:15:25.236690+00:00,,False,,
196,33,signo_vital,8480-6,Presión arterial sistólica,140.0000,,mmHg,2026-08-15 05:27:00+00:00,1073827621,2026-09-26 16:15:25.236690+00:00,,False,,
197,33,signo_vital,8462-4,Presión arterial diastólica,72.0000,,mmHg,2026-08-15 05:27:00+00:00,1073827621,2026-09-26 16:15:25.236690+00:00,,False,,
198,33,signo_vital,59408-5,Saturación de oxígeno,91.0000,,%,2026-08-15 05:27:00+00:00,1073827621,2026-09-26 16:15:25.236690+00:00,,False,,
199,34,signo_vital,8310-5,Temperatura corporal,39.3000,,Cel,2026-04-10 12:31:00+00:00,1059917677,2026-09-26 16:15:25.236690+00:00,,False,,
200,34,signo_vital,8867-4,Frecuencia cardiaca,113.0000,,lpm,2026-04-10 12:31:00+00:00,1059917677,2026-09-26 16:15:25.236690+00:00,,False,,
201,34,signo_vital,9279-1,Frecuencia respiratoria,14.0000,,resp/min,2026-04-10 12:31:00+00:00,1059917677,2026-09-26 16:15:25.236690+00:00,,False,,
202,34,signo_vital,8480-6,Presión arterial sistólica,117.0000,,mmHg,2026-04-10 12:31:00+00:00,1059917677,2026-09-26 16:15:25.236690+00:00,,False,,
203,34,signo_vital,8462-4,Presión arterial diastólica,96.0000,,mmHg,2026-04-10 12:31:00+00:00,1059917677,2026-09-26 16:15:25.236690+00:00,,False,,
204,34,signo_vital,59408-5,Saturación de oxígeno,98.0000,,%,2026-04-10 12:31:00+00:00,1059917677,2026-09-26 16:15:25.236690+00:00,,False,,
205,35,signo_vital,8310-5,Temperatura corporal,39.4000,,Cel,2026-09-20 14:30:00+00:00,1006713773,2026-09-26 16:15:25.236690+00:00,,False,,
206,35,signo_vital,8867-4,Frecuencia cardiaca,61.0000,,lpm,2026-09-20 14:30:00+00:00,1006713773,2026-09-26 16:15:25.236690+00:00,,False,,
207,35,signo_vital,9279-1,Frecuencia respiratoria,22.0000,,resp/min,2026-09-20 14:30:00+00:00,1006713773,2026-09-26 16:15:25.236690+00:00,,False,,
208,35,signo_vital,8480-6,Presión arterial sistólica,121.0000,,mmHg,2026-09-20 14:30:00+00:00,1006713773,2026-09-26 16:15:25.236690+00:00,,False,,
209,35,signo_vital,8462-4,Presión arterial diastólica,63.0000,,mmHg,2026-09-20 14:30:00+00:00,1006713773,2026-09-26 16:15:25.236690+00:00,,False,,
210,35,signo_vital,59408-5,Saturación de oxígeno,100.0000,,%,2026-09-20 14:30:00+00:00,1006713773,2026-09-26 16:15:25.236690+00:00,,False,,
211,36,signo_vital,8310-5,Temperatura corporal,36.7000,,Cel,2026-03-02 14:18:00+00:00,1197694986,2026-09-26 16:15:25.236690+00:00,,False,,
212,36,signo_vital,8867-4,Frecuencia cardiaca,125.0000,,lpm,2026-03-02 14:18:00+00:00,1197694986,2026-09-26 16:15:25.236690+00:00,,False,,
213,36,signo_vital,9279-1,Frecuencia respiratoria,18.0000,,resp/min,2026-03-02 14:18:00+00:00,1197694986,2026-09-26 16:15:25.236690+00:00,,False,,
214,36,signo_vital,8480-6,Presión arterial sistólica,117.0000,,mmHg,2026-03-02 14:18:00+00:00,1197694986,2026-09-26 16:15:25.236690+00:00,,False,,
215,36,signo_vital,8462-4,Presión arterial diastólica,69.0000,,mmHg,2026-03-02 14:18:00+00:00,1197694986,2026-09-26 16:15:25.236690+00:00,,False,,
216,36,signo_vital,59408-5,Saturación de oxígeno,93.0000,,%,2026-03-02 14:18:00+00:00,1197694986,2026-09-26 16:15:25.236690+00:00,,False,,
217,37,signo_vital,8310-5,Temperatura corporal,36.5000,,Cel,2026-08-16 19:50:00+00:00,1006713773,2026-09-26 16:15:25.236690+00:00,,False,,
218,37,signo_vital,8867-4,Frecuencia cardiaca,55.0000,,lpm,2026-08-16 19:50:00+00:00,1006713773,2026-09-26 16:15:25.236690+00:00,,False,,
219,37,signo_vital,9279-1,Frecuencia respiratoria,20.0000,,resp/min,2026-08-16 19:50:00+00:00,1006713773,2026-09-26 16:15:25.236690+00:00,,False,,
220,37,signo_vital,8480-6,Presión arterial sistólica,108.0000,,mmHg,2026-08-16 19:50:00+00:00,1006713773,2026-09-26 16:15:25.236690+00:00,,False,,
221,37,signo_vital,8462-4,Presión arterial diastólica,63.0000,,mmHg,2026-08-16 19:50:00+00:00,1006713773,2026-09-26 16:15:25.236690+00:00,,False,,
222,37,signo_vital,59408-5,Saturación de oxígeno,96.0000,,%,2026-08-16 19:50:00+00:00,1006713773,2026-09-26 16:15:25.236690+00:00,,False,,
223,38,signo_vital,8310-5,Temperatura corporal,38.8000,,Cel,2026-04-25 21:37:00+00:00,1006713773,2026-09-26 16:15:25.236690+00:00,,False,,
224,38,signo_vital,8867-4,Frecuencia cardiaca,69.0000,,lpm,2026-04-25 21:37:00+00:00,1006713773,2026-09-26 16:15:25.236690+00:00,,False,,
225,38,signo_vital,9279-1,Frecuencia respiratoria,12.0000,,resp/min,2026-04-25 21:37:00+00:00,1006713773,2026-09-26 16:15:25.236690+00:00,,False,,
226,38,signo_vital,8480-6,Presión arterial sistólica,106.0000,,mmHg,2026-04-25 21:37:00+00:00,1006713773,2026-09-26 16:15:25.236690+00:00,,False,,
227,38,signo_vital,8462-4,Presión arterial diastólica,55.0000,,mmHg,2026-04-25 21:37:00+00:00,1006713773,2026-09-26 16:15:25.236690+00:00,,False,,
228,38,signo_vital,59408-5,Saturación de oxígeno,93.0000,,%,2026-04-25 21:37:00+00:00,1006713773,2026-09-26 16:15:25.236690+00:00,,False,,
229,39,signo_vital,8310-5,Temperatura corporal,38.8000,,Cel,2026-07-21 01:20:00+00:00,1073827621,2026-09-26 16:15:25.236690+00:00,,False,,
230,39,signo_vital,8867-4,Frecuencia cardiaca,130.0000,,lpm,2026-07-21 01:20:00+00:00,1073827621,2026-09-26 16:15:25.236690+00:00,,False,,
231,39,signo_vital,9279-1,Frecuencia respiratoria,22.0000,,resp/min,2026-07-21 01:20:00+00:00,1073827621,2026-09-26 16:15:25.236690+00:00,,False,,
232,39,signo_vital,8480-6,Presión arterial sistólica,92.0000,,mmHg,2026-07-21 01:20:00+00:00,1073827621,2026-09-26 16:15:25.236690+00:00,,False,,
233,39,signo_vital,8462-4,Presión arterial diastólica,66.0000,,mmHg,2026-07-21 01:20:00+00:00,1073827621,2026-09-26 16:15:25.236690+00:00,,False,,
234,39,signo_vital,59408-5,Saturación de oxígeno,92.0000,,%,2026-07-21 01:20:00+00:00,1073827621,2026-09-26 16:15:25.236690+00:00,,False,,
235,40,signo_vital,8310-5,Temperatura corporal,36.4000,,Cel,2026-08-15 15:01:00+00:00,1059917677,2026-09-26 16:15:25.236690+00:00,,False,,
236,40,signo_vital,8867-4,Frecuencia cardiaca,108.0000,,lpm,2026-08-15 15:01:00+00:00,1059917677,2026-09-26 16:15:25.236690+00:00,,False,,
237,40,signo_vital,9279-1,Frecuencia respiratoria,28.0000,,resp/min,2026-08-15 15:01:00+00:00,1059917677,2026-09-26 16:15:25.236690+00:00,,False,,
238,40,signo_vital,8480-6,Presión arterial sistólica,104.0000,,mmHg,2026-08-15 15:01:00+00:00,1059917677,2026-09-26 16:15:25.236690+00:00,,False,,
239,40,signo_vital,8462-4,Presión arterial diastólica,59.0000,,mmHg,2026-08-15 15:01:00+00:00,1059917677,2026-09-26 16:15:25.236690+00:00,,False,,
240,40,signo_vital,59408-5,Saturación de oxígeno,95.0000,,%,2026-08-15 15:01:00+00:00,1059917677,2026-09-26 16:15:25.236690+00:00,,False,,
241,41,signo_vital,8310-5,Temperatura corporal,38.7000,,Cel,2026-04-10 01:56:00+00:00,1006713773,2026-09-26 16:15:25.236690+00:00,,False,,
242,41,signo_vital,8867-4,Frecuencia cardiaca,120.0000,,lpm,2026-04-10 01:56:00+00:00,1006713773,2026-09-26 16:15:25.236690+00:00,,False,,
243,41,signo_vital,9279-1,Frecuencia respiratoria,15.0000,,resp/min,2026-04-10 01:56:00+00:00,1006713773,2026-09-26 16:15:25.236690+00:00,,False,,
244,41,signo_vital,8480-6,Presión arterial sistólica,147.0000,,mmHg,2026-04-10 01:56:00+00:00,1006713773,2026-09-26 16:15:25.236690+00:00,,False,,
245,41,signo_vital,8462-4,Presión arterial diastólica,87.0000,,mmHg,2026-04-10 01:56:00+00:00,1006713773,2026-09-26 16:15:25.236690+00:00,,False,,
246,41,signo_vital,59408-5,Saturación de oxígeno,91.0000,,%,2026-04-10 01:56:00+00:00,1006713773,2026-09-26 16:15:25.236690+00:00,,False,,
247,42,signo_vital,8310-5,Temperatura corporal,36.2000,,Cel,2026-05-23 19:28:00+00:00,1073827621,2026-09-26 16:15:25.236690+00:00,,False,,
248,42,signo_vital,8867-4,Frecuencia cardiaca,121.0000,,lpm,2026-05-23 19:28:00+00:00,1073827621,2026-09-26 16:15:25.236690+00:00,,False,,
249,42,signo_vital,9279-1,Frecuencia respiratoria,21.0000,,resp/min,2026-05-23 19:28:00+00:00,1073827621,2026-09-26 16:15:25.236690+00:00,,False,,
250,42,signo_vital,8480-6,Presión arterial sistólica,148.0000,,mmHg,2026-05-23 19:28:00+00:00,1073827621,2026-09-26 16:15:25.236690+00:00,,False,,
251,42,signo_vital,8462-4,Presión arterial diastólica,96.0000,,mmHg,2026-05-23 19:28:00+00:00,1073827621,2026-09-26 16:15:25.236690+00:00,,False,,
252,42,signo_vital,59408-5,Saturación de oxígeno,88.0000,,%,2026-05-23 19:28:00+00:00,1073827621,2026-09-26 16:15:25.236690+00:00,,False,,
253,43,signo_vital,8310-5,Temperatura corporal,39.5000,,Cel,2026-05-23 17:23:00+00:00,1006713773,2026-09-26 16:15:25.236690+00:00,,False,,
254,43,signo_vital,8867-4,Frecuencia cardiaca,106.0000,,lpm,2026-05-23 17:23:00+00:00,1006713773,2026-09-26 16:15:25.236690+00:00,,False,,
255,43,signo_vital,9279-1,Frecuencia respiratoria,25.0000,,resp/min,2026-05-23 17:23:00+00:00,1006713773,2026-09-26 16:15:25.236690+00:00,,False,,
256,43,signo_vital,8480-6,Presión arterial sistólica,103.0000,,mmHg,2026-05-23 17:23:00+00:00,1006713773,2026-09-26 16:15:25.236690+00:00,,False,,
257,43,signo_vital,8462-4,Presión arterial diastólica,86.0000,,mmHg,2026-05-23 17:23:00+00:00,1006713773,2026-09-26 16:15:25.236690+00:00,,False,,
258,43,signo_vital,59408-5,Saturación de oxígeno,99.0000,,%,2026-05-23 17:23:00+00:00,1006713773,2026-09-26 16:15:25.236690+00:00,,False,,
259,44,signo_vital,8310-5,Temperatura corporal,36.3000,,Cel,2026-08-04 20:03:00+00:00,1059917677,2026-09-26 16:15:25.236690+00:00,,False,,
260,44,signo_vital,8867-4,Frecuencia cardiaca,65.0000,,lpm,2026-08-04 20:03:00+00:00,1059917677,2026-09-26 16:15:25.236690+00:00,,False,,
261,44,signo_vital,9279-1,Frecuencia respiratoria,22.0000,,resp/min,2026-08-04 20:03:00+00:00,1059917677,2026-09-26 16:15:25.236690+00:00,,False,,
262,44,signo_vital,8480-6,Presión arterial sistólica,108.0000,,mmHg,2026-08-04 20:03:00+00:00,1059917677,2026-09-26 16:15:25.236690+00:00,,False,,
263,44,signo_vital,8462-4,Presión arterial diastólica,59.0000,,mmHg,2026-08-04 20:03:00+00:00,1059917677,2026-09-26 16:15:25.236690+00:00,,False,,
264,44,signo_vital,59408-5,Saturación de oxígeno,90.0000,,%,2026-08-04 20:03:00+00:00,1059917677,2026-09-26 16:15:25.236690+00:00,,False,,
265,45,signo_vital,8310-5,Temperatura corporal,38.2000,,Cel,2026-08-18 01:41:00+00:00,1006713773,2026-09-26 16:15:25.236690+00:00,,False,,
266,45,signo_vital,8867-4,Frecuencia cardiaca,129.0000,,lpm,2026-08-18 01:41:00+00:00,1006713773,2026-09-26 16:15:25.236690+00:00,,False,,
267,45,signo_vital,9279-1,Frecuencia respiratoria,22.0000,,resp/min,2026-08-18 01:41:00+00:00,1006713773,2026-09-26 16:15:25.236690+00:00,,False,,
268,45,signo_vital,8480-6,Presión arterial sistólica,138.0000,,mmHg,2026-08-18 01:41:00+00:00,1006713773,2026-09-26 16:15:25.236690+00:00,,False,,
269,45,signo_vital,8462-4,Presión arterial diastólica,93.0000,,mmHg,2026-08-18 01:41:00+00:00,1006713773,2026-09-26 16:15:25.236690+00:00,,False,,
270,45,signo_vital,59408-5,Saturación de oxígeno,96.0000,,%,2026-08-18 01:41:00+00:00,1006713773,2026-09-26 16:15:25.236690+00:00,,False,,
271,46,signo_vital,8310-5,Temperatura corporal,37.6000,,Cel,2026-03-11 18:58:00+00:00,1006713773,2026-09-26 16:15:25.236690+00:00,,False,,
272,46,signo_vital,8867-4,Frecuencia cardiaca,110.0000,,lpm,2026-03-11 18:58:00+00:00,1006713773,2026-09-26 16:15:25.236690+00:00,,False,,
273,46,signo_vital,9279-1,Frecuencia respiratoria,15.0000,,resp/min,2026-03-11 18:58:00+00:00,1006713773,2026-09-26 16:15:25.236690+00:00,,False,,
274,46,signo_vital,8480-6,Presión arterial sistólica,104.0000,,mmHg,2026-03-11 18:58:00+00:00,1006713773,2026-09-26 16:15:25.236690+00:00,,False,,
275,46,signo_vital,8462-4,Presión arterial diastólica,96.0000,,mmHg,2026-03-11 18:58:00+00:00,1006713773,2026-09-26 16:15:25.236690+00:00,,False,,
276,46,signo_vital,59408-5,Saturación de oxígeno,98.0000,,%,2026-03-11 18:58:00+00:00,1006713773,2026-09-26 16:15:25.236690+00:00,,False,,
277,47,signo_vital,8310-5,Temperatura corporal,37.9000,,Cel,2026-06-12 02:35:00+00:00,1006713773,2026-09-26 16:15:25.236690+00:00,,False,,
278,47,signo_vital,8867-4,Frecuencia cardiaca,82.0000,,lpm,2026-06-12 02:35:00+00:00,1006713773,2026-09-26 16:15:25.236690+00:00,,False,,
279,47,signo_vital,9279-1,Frecuencia respiratoria,25.0000,,resp/min,2026-06-12 02:35:00+00:00,1006713773,2026-09-26 16:15:25.236690+00:00,,False,,
280,47,signo_vital,8480-6,Presión arterial sistólica,147.0000,,mmHg,2026-06-12 02:35:00+00:00,1006713773,2026-09-26 16:15:25.236690+00:00,,False,,
281,47,signo_vital,8462-4,Presión arterial diastólica,69.0000,,mmHg,2026-06-12 02:35:00+00:00,1006713773,2026-09-26 16:15:25.236690+00:00,,False,,
282,47,signo_vital,59408-5,Saturación de oxígeno,94.0000,,%,2026-06-12 02:35:00+00:00,1006713773,2026-09-26 16:15:25.236690+00:00,,False,,
283,48,signo_vital,8310-5,Temperatura corporal,38.9000,,Cel,2026-06-20 20:55:00+00:00,1073827621,2026-09-26 16:15:25.236690+00:00,,False,,
284,48,signo_vital,8867-4,Frecuencia cardiaca,106.0000,,lpm,2026-06-20 20:55:00+00:00,1073827621,2026-09-26 16:15:25.236690+00:00,,False,,
285,48,signo_vital,9279-1,Frecuencia respiratoria,25.0000,,resp/min,2026-06-20 20:55:00+00:00,1073827621,2026-09-26 16:15:25.236690+00:00,,False,,
286,48,signo_vital,8480-6,Presión arterial sistólica,102.0000,,mmHg,2026-06-20 20:55:00+00:00,1073827621,2026-09-26 16:15:25.236690+00:00,,False,,
287,48,signo_vital,8462-4,Presión arterial diastólica,75.0000,,mmHg,2026-06-20 20:55:00+00:00,1073827621,2026-09-26 16:15:25.236690+00:00,,False,,
288,48,signo_vital,59408-5,Saturación de oxígeno,94.0000,,%,2026-06-20 20:55:00+00:00,1073827621,2026-09-26 16:15:25.236690+00:00,,False,,
289,49,signo_vital,8310-5,Temperatura corporal,38.3000,,Cel,2026-07-02 11:48:00+00:00,1073827621,2026-09-26 16:15:25.236690+00:00,,False,,
290,49,signo_vital,8867-4,Frecuencia cardiaca,102.0000,,lpm,2026-07-02 11:48:00+00:00,1073827621,2026-09-26 16:15:25.236690+00:00,,False,,
291,49,signo_vital,9279-1,Frecuencia respiratoria,16.0000,,resp/min,2026-07-02 11:48:00+00:00,1073827621,2026-09-26 16:15:25.236690+00:00,,False,,
292,49,signo_vital,8480-6,Presión arterial sistólica,150.0000,,mmHg,2026-07-02 11:48:00+00:00,1073827621,2026-09-26 16:15:25.236690+00:00,,False,,
293,49,signo_vital,8462-4,Presión arterial diastólica,59.0000,,mmHg,2026-07-02 11:48:00+00:00,1073827621,2026-09-26 16:15:25.236690+00:00,,False,,
294,49,signo_vital,59408-5,Saturación de oxígeno,89.0000,,%,2026-07-02 11:48:00+00:00,1073827621,2026-09-26 16:15:25.236690+00:00,,False,,
295,50,signo_vital,8310-5,Temperatura corporal,36.3000,,Cel,2026-09-14 07:21:00+00:00,1197694986,2026-09-26 16:15:25.236690+00:00,,False,,
296,50,signo_vital,8867-4,Frecuencia cardiaca,67.0000,,lpm,2026-09-14 07:21:00+00:00,1197694986,2026-09-26 16:15:25.236690+00:00,,False,,
297,50,signo_vital,9279-1,Frecuencia respiratoria,23.0000,,resp/min,2026-09-14 07:21:00+00:00,1197694986,2026-09-26 16:15:25.236690+00:00,,False,,
298,50,signo_vital,8480-6,Presión arterial sistólica,106.0000,,mmHg,2026-09-14 07:21:00+00:00,1197694986,2026-09-26 16:15:25.236690+00:00,,False,,
299,50,signo_vital,8462-4,Presión arterial diastólica,90.0000,,mmHg,2026-09-14 07:21:00+00:00,1197694986,2026-09-26 16:15:25.236690+00:00,,False,,
300,50,signo_vital,59408-5,Saturación de oxígeno,88.0000,,%,2026-09-14 07:21:00+00:00,1197694986,2026-09-26 16:15:25.236690+00:00,,False,,
301,51,signo_vital,8310-5,Temperatura corporal,39.3000,,Cel,2026-04-15 22:32:00+00:00,1197694986,2026-09-26 16:15:25.236690+00:00,,False,,
302,51,signo_vital,8867-4,Frecuencia cardiaca,126.0000,,lpm,2026-04-15 22:32:00+00:00,1197694986,2026-09-26 16:15:25.236690+00:00,,False,,
303,51,signo_vital,9279-1,Frecuencia respiratoria,22.0000,,resp/min,2026-04-15 22:32:00+00:00,1197694986,2026-09-26 16:15:25.236690+00:00,,False,,
304,51,signo_vital,8480-6,Presión arterial sistólica,105.0000,,mmHg,2026-04-15 22:32:00+00:00,1197694986,2026-09-26 16:15:25.236690+00:00,,False,,
305,51,signo_vital,8462-4,Presión arterial diastólica,81.0000,,mmHg,2026-04-15 22:32:00+00:00,1197694986,2026-09-26 16:15:25.236690+00:00,,False,,
306,51,signo_vital,59408-5,Saturación de oxígeno,93.0000,,%,2026-04-15 22:32:00+00:00,1197694986,2026-09-26 16:15:25.236690+00:00,,False,,
307,52,signo_vital,8310-5,Temperatura corporal,39.3000,,Cel,2026-05-14 20:56:00+00:00,1197694986,2026-09-26 16:15:25.236690+00:00,,False,,
308,52,signo_vital,8867-4,Frecuencia cardiaca,109.0000,,lpm,2026-05-14 20:56:00+00:00,1197694986,2026-09-26 16:15:25.236690+00:00,,False,,
309,52,signo_vital,9279-1,Frecuencia respiratoria,13.0000,,resp/min,2026-05-14 20:56:00+00:00,1197694986,2026-09-26 16:15:25.236690+00:00,,False,,
310,52,signo_vital,8480-6,Presión arterial sistólica,126.0000,,mmHg,2026-05-14 20:56:00+00:00,1197694986,2026-09-26 16:15:25.236690+00:00,,False,,
311,52,signo_vital,8462-4,Presión arterial diastólica,93.0000,,mmHg,2026-05-14 20:56:00+00:00,1197694986,2026-09-26 16:15:25.236690+00:00,,False,,
312,52,signo_vital,59408-5,Saturación de oxígeno,92.0000,,%,2026-05-14 20:56:00+00:00,1197694986,2026-09-26 16:15:25.236690+00:00,,False,,
313,53,signo_vital,8310-5,Temperatura corporal,36.4000,,Cel,2026-07-08 00:48:00+00:00,1197694986,2026-09-26 16:15:25.236690+00:00,,False,,
314,53,signo_vital,8867-4,Frecuencia cardiaca,119.0000,,lpm,2026-07-08 00:48:00+00:00,1197694986,2026-09-26 16:15:25.236690+00:00,,False,,
315,53,signo_vital,9279-1,Frecuencia respiratoria,18.0000,,resp/min,2026-07-08 00:48:00+00:00,1197694986,2026-09-26 16:15:25.236690+00:00,,False,,
316,53,signo_vital,8480-6,Presión arterial sistólica,109.0000,,mmHg,2026-07-08 00:48:00+00:00,1197694986,2026-09-26 16:15:25.236690+00:00,,False,,
317,53,signo_vital,8462-4,Presión arterial diastólica,97.0000,,mmHg,2026-07-08 00:48:00+00:00,1197694986,2026-09-26 16:15:25.236690+00:00,,False,,
318,53,signo_vital,59408-5,Saturación de oxígeno,95.0000,,%,2026-07-08 00:48:00+00:00,1197694986,2026-09-26 16:15:25.236690+00:00,,False,,
