numero_documento_paciente,id_usuario,tipo_documento,nombres,apellidos,fecha_nacimiento,genero_fhir,telefono,direccion,municipio_residencia,zona_residencia,created_at,updated_at,is_deleted,deleted_at,deleted_by
1022992422,,TI,Liliana,Montoya,2010-08-31,female,+57 3117232410,Calle 47 # 9C-27,El Charco,urbana,2026-09-26 16:15:08.804344+00:00,,False,,
1032481817,1032481817,CC,René,Barragán,1967-03-30,male,+57 3109528530,Cr. 134 Este # 9-10 Este,Roberto Payán,urbana,2026-09-26 16:15:08.804344+00:00,,False,,
1041028029,1041028029,CC,Fabio,Serrano,2001-04-17,female,+57 3171016525,Calle 29 # 8-2 Este,Olaya Herrera,urbana,2026-09-26 16:15:08.804344+00:00,,False,,
1045939680,1045939680,CC,Esther,Londoño,1992-12-02,male,+57 3191887369,Carrera 79 # 9-82,Santa Bárbara,urbana,2026-09-26 16:15:08.804344+00:00,,False,,
1067488462,,CC,Sebastián,Hernández,1994-08-20,male,+57 3135812670,Carrera 148 # 9N-43 Este,Santa Bárbara,rural_dispersa,2026-09-26 16:15:08.804344+00:00,,False,,
1071871145,1071871145,CC,Moisés,Estrada,1950-12-09,female,+57 3153100814,Cr. 9ª # 55-71,Mosquera,rural_dispersa,2026-09-26 16:15:08.804344+00:00,,False,,
1087048983,,TI,Alfonso,Prieto,2013-12-06,female,+57 3153843426,Calle 26 # 8-99 Sur,Tumaco,urbana,2026-09-26 16:15:08.804344+00:00,,False,,
1096362792,1096362792,CC,Norberto,Ordóñez,1975-11-10,female,+57 3110576383,Avenida carrera 164 # 35-6 Sur,El Charco,rural_dispersa,2026-09-26 16:15:08.804344+00:00,,False,,
1097436907,,TI,Diana,Mejía,2019-08-13,female,+57 3110570592,Carrera 101 # 6-2,Roberto Payán,urbana,2026-09-26 16:15:08.804344+00:00,,False,,
1097933892,1097933892,CC,Patricia,Barreto,1959-08-05,male,+57 3185225343,Cr. 8G # 3-57,Santa Bárbara,urbana,2026-09-26 16:15:08.804344+00:00,,False,,
1109269327,1109269327,CC,Alexander,Ospina,1962-01-31,female,+57 3107270733,Cl. 45 # 5-82 Sur,Olaya Herrera,urbana,2026-09-26 16:15:08.804344+00:00,,False,,
1136279761,1136279761,CC,Luis,Fernández,1954-07-19,male,+57 3121682744,Cr. 1ª # 6-20 Este,La Tola,rural_dispersa,2026-09-26 16:15:08.804344+00:00,,False,,
1144788454,1144788454,TI,Leidy,Camacho,2014-11-09,female,+57 3115014631,Calle 89 # 7-47,La Tola,rural_dispersa,2026-09-26 16:15:08.804344+00:00,,False,,
1148187279,1148187279,CC,Laura,Ortiz,1971-04-21,female,+57 3106150444,Av. calle 119 # 38-83 Sur,La Tola,rural_dispersa,2026-09-26 16:15:08.804344+00:00,,False,,
1156640927,1156640927,CC,Alejandra,Arias,1980-10-31,unknown,+57 3114716857,Tr. 18 # 17-2 Sur,Francisco Pizarro,urbana,2026-09-26 16:15:08.804344+00:00,,False,,
1158509126,1158509126,CC,Jesús,Vásquez,1982-11-08,male,+57 3196102525,Carrera 30 # 35-44 Sur,La Tola,urbana,2026-09-26 16:15:08.804344+00:00,,False,,
1172056873,,CC,Mercedes,Barragán,1975-07-09,male,+57 3123978249,Carrera 27Q # 6-11 Este,Magüí Payán,urbana,2026-09-26 16:15:08.804344+00:00,,False,,
1172564235,1172564235,CC,Valeria,Posada,1986-03-02,male,+57 3157503414,Avenida Yamid Castellanos # 51-9 Este,El Charco,rural_dispersa,2026-09-26 16:15:08.804344+00:00,,False,,
1174452024,,CC,Sandra,Rivera,2007-12-03,male,+57 3121429110,Cl. 14 # 78-21 Este,Tumaco,urbana,2026-09-26 16:15:08.804344+00:00,,False,,
1177100512,1177100512,CE,Jesús,Ríos,1987-08-23,male,+57 3172383095,Calle 4ª # 8-8,La Tola,urbana,2026-09-26 16:15:08.804344+00:00,,False,,
1177506521,1177506521,CC,Alba,Velandia,1965-06-12,unknown,+57 3185320121,Cl. 103K # 6Z-7 Sur,Barbacoas,rural_dispersa,2026-09-26 16:15:08.804344+00:00,,False,,
1179577354,1179577354,CC,Patricia,García,1988-07-20,male,+57 3163481353,Avenida carrera 161 # 13S-2 Sur,La Tola,rural_dispersa,2026-09-26 16:15:08.804344+00:00,,False,,
1187405367,1187405367,CC,Margarita,Méndez,1982-12-01,male,+57 3112981052,Avenida Iles # 11-4 Sur,Mosquera,rural_dispersa,2026-09-26 16:15:08.804344+00:00,,False,,
1190009606,1190009606,CC,Eugenia,Martínez,2001-08-14,male,+57 3137376585,Transversal 182 # 9-2,Mosquera,urbana,2026-09-26 16:15:08.804344+00:00,,False,,
1195939378,1195939378,CC,Wilson,Pabón,2006-11-22,male,+57 3160597444,Calle 56 # 57Z-7 Este,Santa Bárbara,rural_dispersa,2026-09-26 16:15:08.804344+00:00,,False,,
