documento,nombres,apellidos,id_encuentro,motivo_consulta,nivel_triage,codigo_cie10,diagnostico,id_examen,examen,categoria,estado_examen,parece_imagen,tiene_pacs,id_estudio,modalidad,descripcion_estudio
1022992422,Liliana,Montoya,41,Asma,4,J45,Asma,45,Leucocitos,laboratorio,completed,False,False,,,
1022992422,Liliana,Montoya,41,Asma,4,J45,Asma,46,Nitrógeno ureico,laboratorio,completed,False,False,,,
1022992422,Liliana,Montoya,42,Rinofaringitis aguda (resfriado común),4,J00,Rinofaringitis aguda (resfriado común),,,,,False,False,,,
1032481817,René,Barragán,46,Fractura del fémur,3,S72,Fractura del fémur,,,,,False,False,,,
1032481817,René,Barragán,47,Fractura del fémur,2,S72,Fractura del fémur,,,,,False,False,,,
1041028029,Fabio,Serrano,25,Diarrea y gastroenteritis de presunto origen infeccioso,3,A09,Diarrea y gastroenteritis de presunto origen infeccioso,,,,,False,False,,,
1041028029,Fabio,Serrano,26,Hipertensión esencial,4,I10,Hipertensión esencial,28,Nitrógeno ureico,laboratorio,completed,False,False,,,
1041028029,Fabio,Serrano,26,Hipertensión esencial,4,I10,Hipertensión esencial,29,Glucosa,laboratorio,completed,False,False,,,
1041028029,Fabio,Serrano,27,Cefalea,2,R51,Cefalea,,,,,False,False,,,
1045939680,Esther,Londoño,17,Diarrea y gastroenteritis de presunto origen infeccioso,3,A09,Diarrea y gastroenteritis de presunto origen infeccioso,17,Leucocitos,laboratorio,completed,False,False,,,
1067488462,Sebastián,Hernández,28,Diarrea y gastroenteritis de presunto origen infeccioso,3,A09,Diarrea y gastroenteritis de presunto origen infeccioso,30,Nitrógeno ureico,laboratorio,active,False,False,,,
1067488462,Sebastián,Hernández,28,Diarrea y gastroenteritis de presunto origen infeccioso,3,A09,Diarrea y gastroenteritis de presunto origen infeccioso,31,Leucocitos,laboratorio,completed,False,False,,,
1067488462,Sebastián,Hernández,29,Cefalea,4,R51,Cefalea,,,,,False,False,,,
1067488462,Sebastián,Hernández,29,Cefalea,4,A09,Diarrea y gastroenteritis de presunto origen infeccioso,,,,,False,False,,,
1067488462,Sebastián,Hernández,30,Dolor abdominal y pélvico,2,R10,Dolor abdominal y pélvico,32,Hemoglobina,laboratorio,completed,False,False,,,
1067488462,Sebastián,Hernández,30,Dolor abdominal y pélvico,2,R10,Dolor abdominal y pélvico,33,Glucosa,laboratorio,active,False,False,,,
1071871145,Moisés,Estrada,21,Diarrea y gastroenteritis de presunto origen infeccioso,4,A09,Diarrea y gastroenteritis de presunto origen infeccioso,22,Glucosa,laboratorio,completed,False,False,,,
1071871145,Moisés,Estrada,21,Diarrea y gastroenteritis de presunto origen infeccioso,4,A09,Diarrea y gastroenteritis de presunto origen infeccioso,23,Nitrógeno ureico,laboratorio,completed,False,False,,,
1071871145,Moisés,Estrada,22,Dorsalgia,1,I10,Hipertensión esencial,24,Creatinina,laboratorio,active,False,False,,,
1071871145,Moisés,Estrada,22,Dorsalgia,1,M54,Dorsalgia,24,Creatinina,laboratorio,active,False,False,,,
1071871145,Moisés,Estrada,22,Dorsalgia,1,I10,Hipertensión esencial,25,Leucocitos,laboratorio,active,False,False,,,
1071871145,Moisés,Estrada,22,Dorsalgia,1,M54,Dorsalgia,25,Leucocitos,laboratorio,active,False,False,,,
1087048983,Alfonso,Prieto,18,Diabetes mellitus tipo 2,4,R10,Dolor abdominal y pélvico,18,Nitrógeno ureico,laboratorio,completed,False,False,,,
1087048983,Alfonso,Prieto,18,Diabetes mellitus tipo 2,4,E11,Diabetes mellitus tipo 2,18,Nitrógeno ureico,laboratorio,completed,False,False,,,
1087048983,Alfonso,Prieto,18,Diabetes mellitus tipo 2,4,E11,Diabetes mellitus tipo 2,19,Creatinina,laboratorio,completed,False,False,,,
1087048983,Alfonso,Prieto,18,Diabetes mellitus tipo 2,4,R10,Dolor abdominal y pélvico,19,Creatinina,laboratorio,completed,False,False,,,
1087048983,Alfonso,Prieto,19,Rinofaringitis aguda (resfriado común),5,J00,Rinofaringitis aguda (resfriado común),20,Nitrógeno ureico,laboratorio,completed,False,False,,,
1087048983,Alfonso,Prieto,20,Asma,2,J45,Asma,21,Glucosa,laboratorio,completed,False,False,,,
1087048983,Alfonso,Prieto,20,Asma,2,J45,Asma,56,Radiografía de tórax,imagenologia,active,True,True,1,DX,Radiografia de torax de prueba
1096362792,Norberto,Ordóñez,9,Cefalea,2,R51,Cefalea,10,Creatinina,laboratorio,completed,False,False,,,
1096362792,Norberto,Ordóñez,9,Cefalea,2,E11,Diabetes mellitus tipo 2,10,Creatinina,laboratorio,completed,False,False,,,
1096362792,Norberto,Ordóñez,10,Hipertensión esencial,1,I10,Hipertensión esencial,11,Nitrógeno ureico,laboratorio,active,False,False,,,
1096362792,Norberto,Ordóñez,10,Hipertensión esencial,1,S72,Fractura del fémur,11,Nitrógeno ureico,laboratorio,active,False,False,,,
1096362792,Norberto,Ordóñez,11,Dorsalgia,3,M54,Dorsalgia,12,Glucosa,laboratorio,completed,False,False,,,
1096362792,Norberto,Ordóñez,11,Dorsalgia,3,M54,Dorsalgia,13,Hemoglobina,laboratorio,completed,False,False,,,
1097436907,Diana,Mejía,38,Rinofaringitis aguda (resfriado común),5,J00,Rinofaringitis aguda (resfriado común),42,Hemoglobina,laboratorio,completed,False,False,,,
1097436907,Diana,Mejía,38,Rinofaringitis aguda (resfriado común),5,J00,Rinofaringitis aguda (resfriado común),43,Glucosa,laboratorio,completed,False,False,,,
1097436907,Diana,Mejía,39,Dorsalgia,4,M54,Dorsalgia,44,Leucocitos,laboratorio,completed,False,False,,,
1097436907,Diana,Mejía,40,Dolor abdominal y pélvico,3,R10,Dolor abdominal y pélvico,,,,,False,False,,,
1097933892,Patricia,Barreto,15,Dorsalgia,2,M54,Dorsalgia,16,Hemoglobina,laboratorio,completed,False,False,,,
1097933892,Patricia,Barreto,16,Fractura del fémur,3,S72,Fractura del fémur,,,,,False,False,,,
1097933892,Patricia,Barreto,16,Fractura del fémur,3,M54,Dorsalgia,,,,,False,False,,,
1109269327,Alexander,Ospina,51,Cefalea,5,E11,Diabetes mellitus tipo 2,53,Nitrógeno ureico,laboratorio,completed,False,False,,,
1109269327,Alexander,Ospina,51,Cefalea,5,R51,Cefalea,53,Nitrógeno ureico,laboratorio,completed,False,False,,,
1109269327,Alexander,Ospina,51,Cefalea,5,E11,Diabetes mellitus tipo 2,54,Hemoglobina,laboratorio,active,False,False,,,
1109269327,Alexander,Ospina,51,Cefalea,5,R51,Cefalea,54,Hemoglobina,laboratorio,active,False,False,,,
1109269327,Alexander,Ospina,52,Cefalea,4,R51,Cefalea,55,Hemoglobina,laboratorio,completed,False,False,,,
1109269327,Alexander,Ospina,53,Asma,3,J45,Asma,,,,,False,False,,,
1136279761,Luis,Fernández,34,Diabetes mellitus tipo 2,3,E11,Diabetes mellitus tipo 2,36,Creatinina,laboratorio,active,False,False,,,
1136279761,Luis,Fernández,34,Diabetes mellitus tipo 2,3,A09,Diarrea y gastroenteritis de presunto origen infeccioso,36,Creatinina,laboratorio,active,False,False,,,
1136279761,Luis,Fernández,35,Dolor abdominal y pélvico,5,I10,Hipertensión esencial,37,Creatinina,laboratorio,active,False,False,,,
1136279761,Luis,Fernández,35,Dolor abdominal y pélvico,5,R10,Dolor abdominal y pélvico,37,Creatinina,laboratorio,active,False,False,,,
1136279761,Luis,Fernández,35,Dolor abdominal y pélvico,5,R10,Dolor abdominal y pélvico,38,Nitrógeno ureico,laboratorio,completed,False,False,,,
1136279761,Luis,Fernández,35,Dolor abdominal y pélvico,5,I10,Hipertensión esencial,38,Nitrógeno ureico,laboratorio,completed,False,False,,,
1144788454,Leidy,Camacho,36,Asma,2,J45,Asma,39,Leucocitos,laboratorio,active,False,False,,,
1144788454,Leidy,Camacho,36,Asma,2,J45,Asma,40,Creatinina,laboratorio,completed,False,False,,,
1144788454,Leidy,Camacho,37,Cefalea,2,R51,Cefalea,41,Glucosa,laboratorio,active,False,False,,,
1148187279,Laura,Ortiz,12,Dorsalgia,3,M54,Dorsalgia,14,Glucosa,laboratorio,completed,False,False,,,
1148187279,Laura,Ortiz,12,Dorsalgia,3,I10,Hipertensión esencial,14,Glucosa,laboratorio,completed,False,False,,,
1156640927,Alejandra,Arias,24,Asma,4,J45,Asma,27,Creatinina,laboratorio,completed,False,False,,,
1156640927,Alejandra,Arias,24,Asma,4,J00,Rinofaringitis aguda (resfriado común),27,Creatinina,laboratorio,completed,False,False,,,
1158509126,Jesús,Vásquez,1,Dorsalgia,3,J45,Asma,1,Nitrógeno ureico,laboratorio,completed,False,False,,,
1158509126,Jesús,Vásquez,1,Dorsalgia,3,M54,Dorsalgia,1,Nitrógeno ureico,laboratorio,completed,False,False,,,
1158509126,Jesús,Vásquez,2,Cefalea,3,R51,Cefalea,2,Nitrógeno ureico,laboratorio,completed,False,False,,,
1158509126,Jesús,Vásquez,2,Cefalea,3,R10,Dolor abdominal y pélvico,2,Nitrógeno ureico,laboratorio,completed,False,False,,,
1158509126,Jesús,Vásquez,3,Hipertensión esencial,3,I10,Hipertensión esencial,3,Glucosa,laboratorio,completed,False,False,,,
1172056873,Mercedes,Barragán,31,Diarrea y gastroenteritis de presunto origen infeccioso,3,A09,Diarrea y gastroenteritis de presunto origen infeccioso,,,,,False,False,,,
1172056873,Mercedes,Barragán,32,Cefalea,3,R51,Cefalea,,,,,False,False,,,
1172056873,Mercedes,Barragán,33,Diabetes mellitus tipo 2,3,E11,Diabetes mellitus tipo 2,34,Creatinina,laboratorio,completed,False,False,,,
1172056873,Mercedes,Barragán,33,Diabetes mellitus tipo 2,3,E11,Diabetes mellitus tipo 2,35,Leucocitos,laboratorio,completed,False,False,,,
1172564235,Valeria,Posada,23,Diarrea y gastroenteritis de presunto origen infeccioso,3,A09,Diarrea y gastroenteritis de presunto origen infeccioso,26,Leucocitos,laboratorio,active,False,False,,,
1174452024,Sandra,Rivera,4,Asma,5,R51,Cefalea,,,,,False,False,,,
1174452024,Sandra,Rivera,4,Asma,5,J45,Asma,,,,,False,False,,,
1174452024,Sandra,Rivera,5,Dorsalgia,3,E11,Diabetes mellitus tipo 2,4,Nitrógeno ureico,laboratorio,active,False,False,,,
1174452024,Sandra,Rivera,5,Dorsalgia,3,M54,Dorsalgia,4,Nitrógeno ureico,laboratorio,active,False,False,,,
1174452024,Sandra,Rivera,5,Dorsalgia,3,M54,Dorsalgia,5,Leucocitos,laboratorio,completed,False,False,,,
1174452024,Sandra,Rivera,5,Dorsalgia,3,E11,Diabetes mellitus tipo 2,5,Leucocitos,laboratorio,completed,False,False,,,
1177100512,Jesús,Ríos,43,Hipertensión esencial,3,I10,Hipertensión esencial,,,,,False,False,,,
1177100512,Jesús,Ríos,44,Rinofaringitis aguda (resfriado común),2,J00,Rinofaringitis aguda (resfriado común),47,Hemoglobina,laboratorio,completed,False,False,,,
1177506521,Alba,Velandia,13,Dolor abdominal y pélvico,3,R10,Dolor abdominal y pélvico,,,,,False,False,,,
1177506521,Alba,Velandia,14,Fractura del fémur,4,S72,Fractura del fémur,15,Leucocitos,laboratorio,completed,False,False,,,
1179577354,Patricia,García,50,Diabetes mellitus tipo 2,3,E11,Diabetes mellitus tipo 2,51,Leucocitos,laboratorio,active,False,False,,,
1179577354,Patricia,García,50,Diabetes mellitus tipo 2,3,E11,Diabetes mellitus tipo 2,52,Creatinina,laboratorio,completed,False,False,,,
1187405367,Margarita,Méndez,6,Diabetes mellitus tipo 2,4,E11,Diabetes mellitus tipo 2,6,Creatinina,laboratorio,active,False,False,,,
1187405367,Margarita,Méndez,6,Diabetes mellitus tipo 2,4,J00,Rinofaringitis aguda (resfriado común),6,Creatinina,laboratorio,active,False,False,,,
1187405367,Margarita,Méndez,7,Cefalea,4,R51,Cefalea,7,Leucocitos,laboratorio,completed,False,False,,,
1187405367,Margarita,Méndez,7,Cefalea,4,R51,Cefalea,8,Glucosa,laboratorio,completed,False,False,,,
1187405367,Margarita,Méndez,8,Diarrea y gastroenteritis de presunto origen infeccioso,3,A09,Diarrea y gastroenteritis de presunto origen infeccioso,9,Creatinina,laboratorio,completed,False,False,,,
1187405367,Margarita,Méndez,8,Diarrea y gastroenteritis de presunto origen infeccioso,3,R51,Cefalea,9,Creatinina,laboratorio,completed,False,False,,,
1190009606,Eugenia,Martínez,48,Cefalea,4,R51,Cefalea,,,,,False,False,,,
1190009606,Eugenia,Martínez,49,Dorsalgia,2,M54,Dorsalgia,49,Creatinina,laboratorio,completed,False,False,,,
1190009606,Eugenia,Martínez,49,Dorsalgia,2,M54,Dorsalgia,50,Hemoglobina,laboratorio,completed,False,False,,,
1195939378,Wilson,Pabón,45,Dolor abdominal y pélvico,5,R10,Dolor abdominal y pélvico,48,Glucosa,laboratorio,active,False,False,,,
