id_prescripcion,id_encuentro,codigo_cum,dosis,frecuencia,via_administracion,cantidad,prescrito_por,fecha_prescripcion,estado,created_at,updated_at,is_deleted,deleted_at,deleted_by
1,1,19000012-1,1 unidad,Cada 8 horas,Oral,2,1006713773,2026-02-13 07:54:00+00:00,activa,2026-09-26 16:16:24.084572+00:00,,False,,
2,1,19000006-1,1 unidad,Cada 8 horas,Oral,2,1006713773,2026-02-13 07:54:00+00:00,activa,2026-09-26 16:16:24.084572+00:00,,False,,
3,2,19000009-1,1 unidad,Cada 8 horas,Oral,1,1059917677,2026-04-09 11:50:00+00:00,activa,2026-09-26 16:16:24.084572+00:00,,False,,
4,2,19000005-1,1 unidad,Cada 8 horas,Oral,2,1059917677,2026-04-09 11:50:00+00:00,dispensada,2026-09-26 16:16:24.084572+00:00,,False,,
5,3,19000003-1,1 unidad,Cada 8 horas,Oral,1,1059917677,2026-08-08 12:52:00+00:00,activa,2026-09-26 16:16:24.084572+00:00,,False,,
6,5,19000003-1,1 unidad,Cada 8 horas,Oral,3,1059917677,2026-06-24 16:27:00+00:00,dispensada,2026-09-26 16:16:24.084572+00:00,,False,,
7,5,19000004-1,1 unidad,Cada 8 horas,Oral,3,1059917677,2026-06-24 16:27:00+00:00,activa,2026-09-26 16:16:24.084572+00:00,,False,,
8,6,19000008-1,1 unidad,Cada 8 horas,Oral,2,1073827621,2026-02-24 15:32:00+00:00,activa,2026-09-26 16:16:24.084572+00:00,,False,,
9,6,19000009-1,1 unidad,Cada 8 horas,Oral,3,1073827621,2026-02-24 15:32:00+00:00,activa,2026-09-26 16:16:24.084572+00:00,,False,,
10,8,19000010-1,1 unidad,Cada 8 horas,Oral,3,1197694986,2026-06-20 16:42:00+00:00,activa,2026-09-26 16:16:24.084572+00:00,,False,,
11,8,19000005-1,1 unidad,Cada 8 horas,Oral,3,1197694986,2026-06-20 16:42:00+00:00,dispensada,2026-09-26 16:16:24.084572+00:00,,False,,
12,9,19000008-1,1 unidad,Cada 8 horas,Oral,2,1073827621,2026-03-22 08:18:00+00:00,activa,2026-09-26 16:16:24.084572+00:00,,False,,
13,9,19000001-1,1 unidad,Cada 8 horas,Oral,1,1073827621,2026-03-22 08:18:00+00:00,anulada,2026-09-26 16:16:24.084572+00:00,,False,,
14,10,19000010-1,1 unidad,Cada 8 horas,Oral,2,1197694986,2026-04-17 21:50:00+00:00,activa,2026-09-26 16:16:24.084572+00:00,,False,,
15,11,19000012-1,1 unidad,Cada 8 horas,Oral,1,1073827621,2026-09-23 02:39:00+00:00,dispensada,2026-09-26 16:16:24.084572+00:00,,False,,
16,12,19000003-1,1 unidad,Cada 8 horas,Oral,1,1006713773,2026-07-08 11:51:00+00:00,activa,2026-09-26 16:16:24.084572+00:00,,False,,
17,12,19000011-1,1 unidad,Cada 8 horas,Oral,3,1006713773,2026-07-08 11:51:00+00:00,activa,2026-09-26 16:16:24.084572+00:00,,False,,
18,13,19000007-1,1 unidad,Cada 8 horas,Oral,2,1073827621,2026-08-21 05:57:00+00:00,dispensada,2026-09-26 16:16:24.084572+00:00,,False,,
19,13,19000003-1,1 unidad,Cada 8 horas,Oral,2,1073827621,2026-08-21 05:57:00+00:00,dispensada,2026-09-26 16:16:24.084572+00:00,,False,,
20,14,19000012-1,1 unidad,Cada 8 horas,Oral,3,1197694986,2026-09-19 01:20:00+00:00,activa,2026-09-26 16:16:24.084572+00:00,,False,,
21,14,19000001-1,1 unidad,Cada 8 horas,Oral,1,1197694986,2026-09-19 01:20:00+00:00,dispensada,2026-09-26 16:16:24.084572+00:00,,False,,
22,16,19000006-1,1 unidad,Cada 8 horas,Oral,2,1197694986,2026-08-04 04:18:00+00:00,anulada,2026-09-26 16:16:24.084572+00:00,,False,,
23,16,19000003-1,1 unidad,Cada 8 horas,Oral,2,1197694986,2026-08-04 04:18:00+00:00,dispensada,2026-09-26 16:16:24.084572+00:00,,False,,
24,17,19000010-1,1 unidad,Cada 8 horas,Oral,1,1059917677,2026-07-14 00:44:00+00:00,anulada,2026-09-26 16:16:24.084572+00:00,,False,,
25,17,19000008-1,1 unidad,Cada 8 horas,Oral,2,1059917677,2026-07-14 00:44:00+00:00,dispensada,2026-09-26 16:16:24.084572+00:00,,False,,
26,18,19000005-1,1 unidad,Cada 8 horas,Oral,3,1197694986,2026-04-16 13:17:00+00:00,dispensada,2026-09-26 16:16:24.084572+00:00,,False,,
27,18,19000004-1,1 unidad,Cada 8 horas,Oral,2,1197694986,2026-04-16 13:17:00+00:00,activa,2026-09-26 16:16:24.084572+00:00,,False,,
28,19,19000005-1,1 unidad,Cada 8 horas,Oral,3,1006713773,2026-07-16 06:24:00+00:00,dispensada,2026-09-26 16:16:24.084572+00:00,,False,,
29,19,19000002-1,1 unidad,Cada 8 horas,Oral,2,1006713773,2026-07-16 06:24:00+00:00,dispensada,2026-09-26 16:16:24.084572+00:00,,False,,
30,20,19000003-1,1 unidad,Cada 8 horas,Oral,1,1059917677,2026-09-27 01:57:00+00:00,activa,2026-09-26 16:16:24.084572+00:00,,False,,
31,20,19000005-1,1 unidad,Cada 8 horas,Oral,3,1059917677,2026-09-27 01:57:00+00:00,activa,2026-09-26 16:16:24.084572+00:00,,False,,
32,22,19000004-1,1 unidad,Cada 8 horas,Oral,3,1073827621,2026-07-09 08:30:00+00:00,activa,2026-09-26 16:16:24.084572+00:00,,False,,
33,22,19000012-1,1 unidad,Cada 8 horas,Oral,3,1073827621,2026-07-09 08:30:00+00:00,dispensada,2026-09-26 16:16:24.084572+00:00,,False,,
34,23,19000004-1,1 unidad,Cada 8 horas,Oral,1,1073827621,2026-03-17 03:07:00+00:00,dispensada,2026-09-26 16:16:24.084572+00:00,,False,,
35,24,19000001-1,1 unidad,Cada 8 horas,Oral,1,1073827621,2026-05-05 00:01:00+00:00,activa,2026-09-26 16:16:24.084572+00:00,,False,,
36,25,19000011-1,1 unidad,Cada 8 horas,Oral,1,1006713773,2026-02-27 00:50:00+00:00,activa,2026-09-26 16:16:24.084572+00:00,,False,,
37,26,19000007-1,1 unidad,Cada 8 horas,Oral,3,1197694986,2026-04-05 04:49:00+00:00,anulada,2026-09-26 16:16:24.084572+00:00,,False,,
38,28,19000005-1,1 unidad,Cada 8 horas,Oral,2,1073827621,2026-02-09 20:15:00+00:00,activa,2026-09-26 16:16:24.084572+00:00,,False,,
39,29,19000011-1,1 unidad,Cada 8 horas,Oral,3,1059917677,2026-05-11 13:53:00+00:00,activa,2026-09-26 16:16:24.084572+00:00,,False,,
40,30,19000003-1,1 unidad,Cada 8 horas,Oral,2,1073827621,2026-08-20 01:42:00+00:00,dispensada,2026-09-26 16:16:24.084572+00:00,,False,,
41,31,19000007-1,1 unidad,Cada 8 horas,Oral,2,1197694986,2026-04-11 03:37:00+00:00,activa,2026-09-26 16:16:24.084572+00:00,,False,,
42,32,19000001-1,1 unidad,Cada 8 horas,Oral,2,1059917677,2026-05-08 18:44:00+00:00,dispensada,2026-09-26 16:16:24.084572+00:00,,False,,
43,32,19000012-1,1 unidad,Cada 8 horas,Oral,1,1059917677,2026-05-08 18:44:00+00:00,anulada,2026-09-26 16:16:24.084572+00:00,,False,,
44,33,19000011-1,1 unidad,Cada 8 horas,Oral,3,1073827621,2026-08-15 06:05:00+00:00,activa,2026-09-26 16:16:24.084572+00:00,,False,,
45,33,19000009-1,1 unidad,Cada 8 horas,Oral,1,1073827621,2026-08-15 06:05:00+00:00,dispensada,2026-09-26 16:16:24.084572+00:00,,False,,
46,34,19000002-1,1 unidad,Cada 8 horas,Oral,2,1059917677,2026-04-10 13:23:00+00:00,activa,2026-09-26 16:16:24.084572+00:00,,False,,
47,35,19000012-1,1 unidad,Cada 8 horas,Oral,1,1006713773,2026-09-20 15:06:00+00:00,dispensada,2026-09-26 16:16:24.084572+00:00,,False,,
48,35,19000003-1,1 unidad,Cada 8 horas,Oral,2,1006713773,2026-09-20 15:06:00+00:00,dispensada,2026-09-26 16:16:24.084572+00:00,,False,,
49,37,19000007-1,1 unidad,Cada 8 horas,Oral,2,1006713773,2026-08-16 20:21:00+00:00,activa,2026-09-26 16:16:24.084572+00:00,,False,,
50,37,19000009-1,1 unidad,Cada 8 horas,Oral,3,1006713773,2026-08-16 20:21:00+00:00,activa,2026-09-26 16:16:24.084572+00:00,,False,,
51,39,19000001-1,1 unidad,Cada 8 horas,Oral,2,1073827621,2026-07-21 01:50:00+00:00,activa,2026-09-26 16:16:24.084572+00:00,,False,,
52,40,19000006-1,1 unidad,Cada 8 horas,Oral,3,1059917677,2026-08-15 15:55:00+00:00,dispensada,2026-09-26 16:16:24.084572+00:00,,False,,
53,40,19000005-1,1 unidad,Cada 8 horas,Oral,1,1059917677,2026-08-15 15:55:00+00:00,activa,2026-09-26 16:16:24.084572+00:00,,False,,
54,41,19000001-1,1 unidad,Cada 8 horas,Oral,3,1006713773,2026-04-10 02:37:00+00:00,activa,2026-09-26 16:16:24.084572+00:00,,False,,
55,42,19000011-1,1 unidad,Cada 8 horas,Oral,3,1073827621,2026-05-23 20:04:00+00:00,dispensada,2026-09-26 16:16:24.084572+00:00,,False,,
56,42,19000009-1,1 unidad,Cada 8 horas,Oral,3,1073827621,2026-05-23 20:04:00+00:00,activa,2026-09-26 16:16:24.084572+00:00,,False,,
57,44,19000004-1,1 unidad,Cada 8 horas,Oral,1,1059917677,2026-08-04 20:44:00+00:00,activa,2026-09-26 16:16:24.084572+00:00,,False,,
58,45,19000007-1,1 unidad,Cada 8 horas,Oral,2,1006713773,2026-08-18 02:28:00+00:00,dispensada,2026-09-26 16:16:24.084572+00:00,,False,,
59,45,19000009-1,1 unidad,Cada 8 horas,Oral,3,1006713773,2026-08-18 02:28:00+00:00,dispensada,2026-09-26 16:16:24.084572+00:00,,False,,
60,47,19000009-1,1 unidad,Cada 8 horas,Oral,2,1006713773,2026-06-12 03:06:00+00:00,dispensada,2026-09-26 16:16:24.084572+00:00,,False,,
61,48,19000001-1,1 unidad,Cada 8 horas,Oral,3,1073827621,2026-06-20 21:40:00+00:00,anulada,2026-09-26 16:16:24.084572+00:00,,False,,
62,49,19000003-1,1 unidad,Cada 8 horas,Oral,2,1073827621,2026-07-02 12:33:00+00:00,dispensada,2026-09-26 16:16:24.084572+00:00,,False,,
63,50,19000012-1,1 unidad,Cada 8 horas,Oral,3,1197694986,2026-09-14 08:14:00+00:00,activa,2026-09-26 16:16:24.084572+00:00,,False,,
64,52,19000008-1,1 unidad,Cada 8 horas,Oral,1,1197694986,2026-05-14 21:30:00+00:00,dispensada,2026-09-26 16:16:24.084572+00:00,,False,,
65,53,19000009-1,1 unidad,Cada 8 horas,Oral,2,1197694986,2026-07-08 01:32:00+00:00,dispensada,2026-09-26 16:16:24.084572+00:00,,False,,
