numero_documento_usuario,id_rol,username,password_hash,nombres,apellidos,email,telefono,estado,intentos_fallidos,bloqueado,bloqueado_at,created_at,updated_at,is_deleted,deleted_at,deleted_by
1006713773,2,medico1.1006713773,[OCULTO],Esperanza,Torres,medico1.1006713773@saluddigital.test,+57 3199529223,True,0,False,,2026-09-26 16:15:06.616723+00:00,2026-09-27 15:34:30.465409+00:00,False,,
1028860156,1,admin.1028860156,[OCULTO],Natalia,Paredes,nataliaparedes582@gmail.com,+57 3052406065,True,0,False,,2026-09-27 16:19:45.897490+00:00,,False,,
1032481817,4,paciente.1032481817,[OCULTO],René,Barragán,paciente.1032481817@saluddigital.test,+57 3100965138,True,0,False,,2026-09-26 16:15:08.804344+00:00,,False,,
1041028029,4,paciente.1041028029,[OCULTO],Fabio,Serrano,paciente.1041028029@saluddigital.test,+57 3162820592,True,0,False,,2026-09-26 16:15:08.804344+00:00,,False,,
1045939680,4,paciente.1045939680,[OCULTO],Esther,Londoño,paciente.1045939680@saluddigital.test,+57 3129476249,True,0,False,,2026-09-26 16:15:08.804344+00:00,,False,,
1059917677,2,medico3.1059917677,[OCULTO],Stiven,García,medico3.1059917677@saluddigital.test,+57 3118728463,True,0,False,,2026-09-26 16:15:06.616723+00:00,2026-09-28 01:45:56.795687+00:00,False,,
1071871145,4,paciente.1071871145,[OCULTO],Moisés,Estrada,paciente.1071871145@saluddigital.test,+57 3167005685,True,0,False,,2026-09-26 16:15:08.804344+00:00,,False,,
1073827621,2,medico2.1073827621,[OCULTO],Felipe,Buitrago,medico2.1073827621@saluddigital.test,+57 3132868828,True,0,False,,2026-09-26 16:15:06.616723+00:00,,False,,
1096362792,4,paciente.1096362792,[OCULTO],Norberto,Ordóñez,paciente.1096362792@saluddigital.test,+57 3150806024,True,0,False,,2026-09-26 16:15:08.804344+00:00,,False,,
1097933892,4,paciente.1097933892,[OCULTO],Patricia,Barreto,paciente.1097933892@saluddigital.test,+57 3181756179,True,0,False,,2026-09-26 16:15:08.804344+00:00,,False,,
1109269327,4,paciente.1109269327,[OCULTO],Alexander,Ospina,paciente.1109269327@saluddigital.test,+57 3197854904,True,0,False,,2026-09-26 16:15:08.804344+00:00,,False,,
1136279761,4,paciente.1136279761,[OCULTO],Luis,Fernández,paciente.1136279761@saluddigital.test,+57 3150185867,True,0,False,,2026-09-26 16:15:08.804344+00:00,,False,,
1144788454,4,paciente.1144788454,[OCULTO],Leidy,Camacho,paciente.1144788454@saluddigital.test,+57 3102614124,True,0,False,,2026-09-26 16:15:08.804344+00:00,,False,,
1146395715,3,administrativo2.1146395715,[OCULTO],María,Ramírez,administrativo2.1146395715@saluddigital.test,+57 3111668732,True,0,False,,2026-09-26 16:15:06.616723+00:00,,False,,
1148187279,4,paciente.1148187279,[OCULTO],Laura,Ortiz,paciente.1148187279@saluddigital.test,+57 3109335534,True,0,False,,2026-09-26 16:15:08.804344+00:00,,False,,
1156640927,4,paciente.1156640927,[OCULTO],Alejandra,Arias,paciente.1156640927@saluddigital.test,+57 3106323852,True,0,False,,2026-09-26 16:15:08.804344+00:00,2026-09-28 01:10:53.827252+00:00,False,,
1158509126,4,paciente.1158509126,[OCULTO],Jesús,Vásquez,paciente.1158509126@saluddigital.test,+57 3126687537,True,0,False,,2026-09-26 16:15:08.804344+00:00,2026-09-28 00:53:59.776258+00:00,False,,
1171644825,1,admin.1171644825,[OCULTO],Jorge,Rodríguez,admin.1171644825@saluddigital.test,+57 3114942603,True,0,False,,2026-09-26 16:15:06.616723+00:00,2026-09-28 01:10:20.952188+00:00,False,,
1172564235,4,paciente.1172564235,[OCULTO],Valeria,Posada,paciente.1172564235@saluddigital.test,+57 3178461803,True,0,False,,2026-09-26 16:15:08.804344+00:00,,False,,
1177100512,4,paciente.1177100512,[OCULTO],Jesús,Ríos,paciente.1177100512@saluddigital.test,+57 3128427073,True,0,False,,2026-09-26 16:15:08.804344+00:00,,False,,
1177506521,4,paciente.1177506521,[OCULTO],Alba,Velandia,paciente.1177506521@saluddigital.test,+57 3160855700,True,0,False,,2026-09-26 16:15:08.804344+00:00,,False,,
1179577354,4,paciente.1179577354,[OCULTO],Patricia,García,paciente.1179577354@saluddigital.test,+57 3132614537,True,0,False,,2026-09-26 16:15:08.804344+00:00,,False,,
1181650134,3,administrativo1.1181650134,[OCULTO],Marina,Mora,administrativo1.1181650134@saluddigital.test,+57 3199410741,True,0,False,,2026-09-26 16:15:06.616723+00:00,2026-09-28 01:08:44.803644+00:00,False,,
1187405367,4,paciente.1187405367,[OCULTO],Margarita,Méndez,paciente.1187405367@saluddigital.test,+57 3150992979,True,0,False,,2026-09-26 16:15:08.804344+00:00,,False,,
1190009606,4,paciente.1190009606,[OCULTO],Eugenia,Martínez,paciente.1190009606@saluddigital.test,+57 3131944441,True,0,False,,2026-09-26 16:15:08.804344+00:00,,False,,
1195939378,4,paciente.1195939378,[OCULTO],Wilson,Pabón,paciente.1195939378@saluddigital.test,+57 3169467853,True,0,False,,2026-09-26 16:15:08.804344+00:00,,False,,
1197694986,2,medico4.1197694986,[OCULTO],Rubiela,Gómez,medico4.1197694986@saluddigital.test,+57 3113756669,True,0,False,,2026-09-26 16:15:06.616723+00:00,,False,,
